PA,AB,R,H,2B,3B,HR,RBI,SB,CS,BB,SO,BA,OBP,SLG,OPS,OPS+,TB,GDP,HBP,SH,SF,IBB,Name-additional,MVP
262,240,43,76,15,0,19,60,0,0,18,59,0.317,0.37,0.617,0.987,165.0,148.0,10,3,0,1,1,abreujo02,1
202,160,46,40,11,0,14,29,8,1,38,60,0.25,0.406,0.581,0.987,156.0,93.0,3,4,0,0,2,acunaro01,0
205,185,29,48,15,1,8,23,2,1,20,74,0.259,0.332,0.481,0.813,126.0,89.0,4,0,0,0,0,adamewi01,0
1,1,0,0,0,0,0,0,0,0,0,1,0.0,0.0,0.0,0.0,-100.0,0.0,0,0,0,0,0,adamsau02,0
51,49,4,9,2,0,2,9,0,0,2,18,0.184,0.216,0.347,0.563,45.0,17.0,3,0,0,0,0,adamsma01,0
132,124,9,20,4,0,3,7,0,1,7,55,0.161,0.212,0.266,0.478,30.0,33.0,3,1,0,0,0,adelljo01,0
101,89,10,17,7,0,0,3,1,0,11,23,0.191,0.287,0.27,0.557,57.0,24.0,3,1,0,0,0,adriaeh01,0
216,188,31,52,10,0,8,34,0,1,23,40,0.277,0.352,0.457,0.809,117.0,86.0,5,1,0,4,0,aguilje01,0
217,199,29,53,10,1,5,29,4,0,18,46,0.266,0.327,0.402,0.729,97.0,80.0,3,0,0,0,0,ahmedni01,0
183,155,16,38,6,1,0,9,7,3,25,34,0.245,0.357,0.297,0.654,74.0,46.0,1,2,0,0,0,akiyash01,0
231,219,35,62,15,0,3,22,3,0,5,30,0.283,0.306,0.393,0.698,88.0,86.0,6,3,2,2,0,alberha01,0
124,118,21,32,5,0,6,19,3,1,5,30,0.271,0.306,0.466,0.773,100.0,55.0,0,1,0,0,0,albieoz01,0
23,21,2,3,0,1,1,1,0,0,2,4,0.143,0.217,0.381,0.598,60.0,8.0,0,0,0,0,0,alcanse01,0
100,93,12,21,2,0,3,16,2,0,4,36,0.226,0.28,0.344,0.624,68.0,32.0,2,3,0,0,1,alfarjo01,0
29,28,5,6,0,1,2,7,3,0,1,8,0.214,0.241,0.5,0.741,96.0,14.0,0,0,0,0,0,alforan01,0
16,16,3,3,0,0,1,3,3,0,0,7,0.188,0.188,0.375,0.563,49.0,6.0,0,0,0,0,0,alforan01,0
13,12,2,3,0,1,1,4,0,0,1,1,0.25,0.308,0.667,0.974,155.0,8.0,0,0,0,0,0,alforan01,0
32,31,1,6,1,0,1,3,0,0,1,14,0.194,0.219,0.323,0.541,49.0,10.0,0,0,0,0,0,allenau01,0
32,26,4,4,1,0,1,4,2,0,3,10,0.154,0.281,0.308,0.589,62.0,8.0,0,2,0,1,0,allengr01,0
28,25,3,4,1,0,1,4,1,0,1,9,0.16,0.214,0.32,0.534,44.0,8.0,0,1,0,1,0,allengr01,0
4,1,1,0,0,0,0,0,1,0,2,1,0.0,0.75,0.0,0.75,138.0,0.0,0,1,0,0,0,allengr01,0
13,11,0,1,0,0,0,0,1,1,2,4,0.091,0.231,0.091,0.322,-5.0,1.0,0,0,0,0,0,almonab01,0
34,30,4,5,1,0,0,1,0,0,3,9,0.167,0.265,0.2,0.465,29.0,6.0,0,1,0,0,0,almoral01,0
239,208,31,48,6,0,16,35,1,0,24,61,0.231,0.326,0.49,0.817,122.0,102.0,4,6,0,1,4,alonspe01,0
0,0,0,0,0,0,0,0,0,0,0,0,,,,,,0.0,0,0,0,0,0,altavda01,0
0,0,0,0,0,0,0,0,0,0,0,0,,,,,,0.0,0,0,0,0,0,altavda01,0
210,192,32,42,9,0,5,18,2,3,17,39,0.219,0.286,0.344,0.629,71.0,66.0,5,1,0,0,0,altuvjo01,0
41,37,6,7,1,0,0,2,2,0,3,16,0.189,0.268,0.216,0.485,34.0,8.0,0,1,0,0,0,alvared01,0
9,8,2,2,0,0,1,4,0,0,0,1,0.25,0.333,0.625,0.958,153.0,5.0,1,1,0,0,0,alvaryo01,0
229,200,27,51,7,1,11,38,0,0,22,66,0.255,0.345,0.465,0.81,116.0,93.0,2,6,0,1,1,anderbr06,0
221,208,45,67,11,1,10,21,5,2,10,50,0.322,0.357,0.529,0.886,140.0,110.0,4,2,0,1,0,anderti01,0
111,103,11,20,5,0,3,7,3,1,8,15,0.194,0.252,0.33,0.582,60.0,34.0,5,0,0,0,0,andruel01,0
65,62,5,15,2,1,1,5,0,0,3,9,0.242,0.277,0.355,0.632,75.0,22.0,1,0,0,0,0,andujmi01,0
21,20,1,2,1,0,0,0,0,0,1,9,0.1,0.143,0.15,0.293,-19.0,3.0,0,0,0,0,0,apostsh01,0
56,47,7,8,1,0,2,8,1,0,6,18,0.17,0.304,0.319,0.623,63.0,15.0,1,3,0,0,0,aquinar01,0
80,72,8,18,2,0,1,9,0,0,8,21,0.25,0.325,0.319,0.644,73.0,23.0,0,0,0,0,0,arauzjo01,0
189,173,22,45,10,1,5,20,2,0,14,32,0.26,0.317,0.416,0.734,95.0,72.0,10,1,0,1,0,arciaor01,0
201,182,23,46,9,0,8,26,0,0,15,20,0.253,0.303,0.434,0.738,86.0,79.0,7,0,0,4,3,arenano01,0
76,64,15,18,2,0,7,11,4,0,6,22,0.281,0.382,0.641,1.022,182.0,41.0,2,5,0,1,0,arozara01,0
121,112,16,36,9,0,0,13,0,0,8,11,0.321,0.364,0.402,0.765,113.0,45.0,2,0,0,1,0,arraelu01,0
54,50,7,12,1,0,3,8,0,0,4,11,0.24,0.296,0.44,0.736,93.0,22.0,2,0,0,0,0,arroych01,0
0,0,0,0,0,0,0,0,0,0,0,0,,,,,,0.0,0,0,0,0,0,arroych01,0
54,50,7,12,1,0,3,8,0,0,4,11,0.24,0.296,0.44,0.736,93.0,22.0,2,0,0,0,0,arroych01,0
16,16,4,4,1,0,1,3,0,0,0,2,0.25,0.25,0.5,0.75,101.0,8.0,0,0,0,0,0,astudwi01,0
62,49,6,9,2,0,1,2,0,0,11,22,0.184,0.355,0.286,0.641,82.0,14.0,2,2,0,0,0,avilaal01,0
125,106,21,24,7,2,4,11,3,1,13,40,0.226,0.336,0.443,0.779,114.0,47.0,2,5,0,1,0,baderha01,0
235,222,27,45,9,1,8,24,3,0,7,75,0.203,0.238,0.36,0.599,59.0,80.0,8,4,0,2,0,baezja01,0
104,86,14,21,3,0,1,9,3,0,13,24,0.244,0.353,0.314,0.667,84.0,27.0,0,2,2,1,0,barneau01,0
110,98,10,20,3,0,5,13,0,0,12,28,0.204,0.291,0.388,0.679,75.0,38.0,2,0,0,0,0,barnhtu01,0
68,67,4,13,0,0,0,2,1,1,1,26,0.194,0.206,0.194,0.4,6.0,13.0,1,0,0,0,0,garcijo02,0
28,27,5,2,0,0,0,2,1,0,0,15,0.074,0.107,0.074,0.181,-48.0,2.0,0,1,0,0,0,barrefr02,0
10,10,5,0,0,0,0,0,0,0,0,7,0.0,0.0,0.0,0.0,-100.0,0.0,0,0,0,0,0,barrefr02,0
18,17,0,2,0,0,0,2,1,0,0,8,0.118,0.167,0.118,0.284,-20.0,2.0,0,1,0,0,0,barrefr02,0
111,103,15,24,5,2,0,7,0,0,3,41,0.233,0.288,0.32,0.609,68.0,33.0,1,5,0,0,0,bartjo01,0
18,14,5,2,0,0,0,1,2,0,4,5,0.143,0.333,0.143,0.476,39.0,2.0,0,0,0,0,0,basablu01,0
54,50,8,11,1,0,2,5,0,0,2,14,0.22,0.278,0.36,0.638,72.0,18.0,3,2,0,0,0,beatyma01,0
0,0,0,0,0,0,0,0,0,0,0,0,,,,,,0.0,0,0,0,0,0,bedroca01,0
223,195,22,44,3,0,8,22,0,0,22,59,0.226,0.305,0.364,0.669,82.0,71.0,3,2,0,4,4,belljo02,0
243,213,33,51,10,0,12,30,6,1,30,42,0.239,0.333,0.455,0.789,112.0,97.0,4,0,0,0,2,bellico01,0
179,149,25,46,13,1,9,30,0,0,30,36,0.309,0.425,0.591,1.015,177.0,88.0,5,0,0,0,1,beltbr01,0
60,48,9,10,1,0,3,5,0,1,7,13,0.208,0.328,0.417,0.744,103.0,20.0,0,2,2,1,0,bemboan01,0
52,39,4,4,1,0,0,1,1,2,11,17,0.103,0.314,0.128,0.442,25.0,5.0,1,1,1,0,0,beninan01,0
149,120,21,31,5,0,2,14,9,2,23,37,0.258,0.388,0.35,0.738,102.0,42.0,1,3,2,1,0,bertijo01,0
246,219,47,64,9,1,16,39,10,2,24,38,0.292,0.366,0.562,0.927,147.0,123.0,2,2,0,1,1,bettsmo01,0
128,123,18,37,9,1,5,23,4,1,5,27,0.301,0.328,0.512,0.84,127.0,63.0,2,0,0,0,1,bichebo01,0
265,220,41,55,16,0,8,28,6,0,41,61,0.25,0.375,0.432,0.807,122.0,95.0,2,3,0,0,0,biggica01,0
34,30,2,5,2,0,0,4,1,0,2,10,0.167,0.242,0.233,0.476,35.0,7.0,0,1,1,0,0,bishobr01,0
247,221,31,67,12,1,6,42,2,1,19,44,0.303,0.356,0.448,0.804,104.0,99.0,4,2,0,5,4,blackch02,0
4,3,0,1,1,0,0,0,0,0,0,0,0.333,0.5,0.667,1.167,221.0,2.0,0,1,0,0,0,blanktr01,0
225,203,36,61,8,0,11,28,8,0,21,41,0.3,0.364,0.502,0.867,128.0,102.0,3,0,0,1,2,bogaexa01,0
180,160,24,54,11,0,4,23,1,1,16,36,0.338,0.4,0.481,0.881,137.0,77.0,4,2,0,2,0,bohmal01,0
3,3,1,0,0,0,0,0,0,1,0,2,0.0,0.0,0.0,0.0,-100.0,0.0,0,0,0,0,0,bonifem01,0
94,86,8,19,3,0,2,17,0,0,5,26,0.221,0.277,0.326,0.602,65.0,28.0,1,2,0,1,0,bonifjo01,0
145,125,15,25,3,1,7,29,2,0,17,40,0.2,0.303,0.408,0.711,90.0,51.0,6,2,0,1,0,boteda01,0
217,191,32,54,11,0,7,22,5,2,23,48,0.283,0.364,0.45,0.814,116.0,86.0,2,2,0,1,1,bradlja02,0
187,170,24,51,15,0,5,22,2,0,17,28,0.3,0.364,0.476,0.84,127.0,81.0,3,0,0,0,0,brantmi02,0
3,3,0,0,0,0,0,0,0,0,0,0,0.0,0.0,0.0,0.0,-100.0,0.0,0,0,0,0,0,brantro01,0
0,0,0,0,0,0,0,0,0,0,0,0,,,,,,0.0,0,0,0,0,0,brasiry01,0
141,129,14,30,7,1,8,26,1,0,7,27,0.233,0.281,0.488,0.769,101.0,63.0,6,2,0,1,0,braunry02,0
180,153,19,37,12,1,6,22,0,0,24,26,0.242,0.35,0.451,0.801,117.0,69.0,2,2,0,1,1,bregmal01,0
6,5,0,1,0,0,0,0,0,0,1,1,0.2,0.333,0.2,0.533,52.0,1.0,0,0,0,0,0,bricejo01,0
112,106,14,24,6,0,3,12,4,0,6,30,0.226,0.268,0.368,0.636,70.0,39.0,2,0,0,0,0,brinsle01,0
98,86,12,26,5,1,5,12,2,0,8,31,0.302,0.378,0.558,0.936,160.0,48.0,1,3,0,1,0,brossmi01,0
5,5,0,0,0,0,0,0,0,0,0,2,0.0,0.0,0.0,0.0,-100.0,0.0,0,0,0,0,0,brownse01,0
103,96,11,19,4,2,6,14,0,0,7,24,0.198,0.252,0.469,0.721,89.0,45.0,1,0,0,0,1,bruceja01,0
147,131,20,27,5,1,4,11,0,0,12,40,0.206,0.293,0.351,0.644,73.0,46.0,1,4,0,0,0,bryankr01,0
43,39,4,6,2,0,0,4,0,0,2,11,0.154,0.19,0.205,0.396,2.0,8.0,3,0,1,1,0,buterdr01,0
135,130,19,33,3,0,13,27,2,1,2,36,0.254,0.267,0.577,0.844,125.0,75.0,2,1,0,2,0,buxtoby01,0
213,190,23,46,9,3,8,31,0,0,19,40,0.242,0.305,0.447,0.753,101.0,85.0,6,0,0,4,0,cabreas01,0
231,204,28,51,4,0,10,35,1,0,24,51,0.25,0.329,0.417,0.746,104.0,85.0,3,1,0,2,1,cabremi01,0
21,18,4,6,1,0,0,2,0,0,3,2,0.333,0.429,0.389,0.817,122.0,7.0,1,0,0,0,1,cainlo01,0
228,190,35,43,9,0,16,40,1,1,28,50,0.226,0.338,0.526,0.864,130.0,100.0,6,6,0,4,0,calhoko01,0
108,100,3,19,2,1,1,13,0,0,5,17,0.19,0.231,0.26,0.491,36.0,26.0,1,1,0,2,0,calhowi01,0
127,120,16,24,8,0,4,9,0,0,6,35,0.2,0.244,0.367,0.611,58.0,44.0,1,1,0,0,0,camarjo01,0
59,57,4,11,2,1,0,3,1,0,2,19,0.193,0.22,0.263,0.483,33.0,15.0,1,0,0,0,0,camerda01,0
4,3,2,1,0,0,1,1,0,0,0,2,0.333,0.5,1.333,1.833,385.0,4.0,0,1,0,0,0,campulu01,0
206,185,30,55,11,3,7,29,1,1,20,49,0.297,0.369,0.503,0.872,137.0,93.0,3,1,0,0,0,candeje01,0
243,191,32,47,12,2,5,33,4,0,37,54,0.246,0.387,0.408,0.795,124.0,78.0,2,10,0,5,1,canhama01,0
182,171,23,54,9,0,10,30,0,0,9,24,0.316,0.352,0.544,0.896,143.0,93.0,7,1,0,1,1,canoro01,0
132,116,10,28,7,0,1,16,0,1,12,31,0.241,0.333,0.328,0.661,80.0,38.0,4,4,0,0,1,caratvi01,0
119,110,11,22,7,1,3,16,1,1,8,35,0.2,0.252,0.364,0.616,68.0,40.0,3,0,0,1,0,carlsdy01,0
169,140,22,26,6,0,4,24,0,0,23,48,0.186,0.325,0.314,0.64,79.0,44.0,1,6,0,0,1,carpema01,0
93,76,10,17,3,0,6,8,2,0,14,29,0.224,0.366,0.5,0.866,123.0,38.0,2,3,0,0,0,casalcu01,0
242,218,37,49,11,2,14,34,0,2,19,69,0.225,0.298,0.486,0.784,100.0,106.0,5,4,0,1,1,casteni01,0
54,49,6,17,4,0,0,3,0,0,5,11,0.347,0.407,0.429,0.836,131.0,21.0,1,0,0,0,0,castrha01,0
92,80,8,15,9,0,2,9,0,0,12,33,0.188,0.293,0.375,0.668,83.0,30.0,2,0,0,0,0,castrja01,0
62,52,5,10,4,0,2,6,0,0,10,23,0.192,0.323,0.385,0.707,93.0,20.0,1,0,0,0,0,castrja01,0
30,28,3,5,5,0,0,3,0,0,2,10,0.179,0.233,0.357,0.59,61.0,10.0,1,0,0,0,0,castrja01,0
63,60,9,16,3,1,2,4,0,0,3,13,0.267,0.302,0.45,0.752,100.0,27.0,0,0,0,0,0,castrst01,0
140,129,21,45,4,2,6,24,0,1,7,38,0.349,0.381,0.55,0.932,153.0,71.0,0,1,1,2,0,castrwi01,0
123,113,17,25,3,2,4,15,0,2,5,44,0.221,0.285,0.389,0.674,85.0,44.0,0,5,0,0,0,caveja01,0
62,53,10,13,2,0,3,7,1,0,8,14,0.245,0.355,0.453,0.808,117.0,24.0,3,1,0,0,0,cervefr01,0
34,31,3,5,1,0,2,4,0,0,2,15,0.161,0.235,0.387,0.622,68.0,12.0,1,1,0,0,0,cespeyo01,0
13,11,1,2,0,0,0,1,0,0,2,4,0.182,0.308,0.182,0.49,40.0,2.0,2,0,0,0,0,changyu01,0
152,142,22,33,9,2,10,25,0,0,8,54,0.232,0.276,0.535,0.812,120.0,76.0,2,1,0,1,0,chapmma01,0
158,146,16,31,5,2,5,19,3,0,8,50,0.212,0.259,0.377,0.636,67.0,55.0,6,2,0,2,0,chavimi01,0
82,74,4,12,3,0,1,7,0,0,6,21,0.162,0.232,0.243,0.475,32.0,18.0,5,1,0,1,0,chiriro01,0
49,42,3,5,1,0,0,2,0,0,5,12,0.119,0.224,0.143,0.367,5.0,6.0,3,1,0,1,0,chiriro01,0
33,32,1,7,2,0,1,5,0,0,1,9,0.219,0.242,0.375,0.617,67.0,12.0,2,0,0,0,0,chiriro01,0
62,56,8,9,1,1,2,6,2,2,5,19,0.161,0.242,0.321,0.563,51.0,18.0,0,1,0,0,0,chishja01,0
145,122,16,28,13,0,3,16,0,0,20,36,0.23,0.331,0.41,0.741,108.0,50.0,1,0,0,3,2,choiji01,0
127,110,13,26,3,0,5,15,6,2,13,33,0.236,0.323,0.4,0.723,99.0,44.0,1,2,0,2,1,choosh01,0
18,16,1,1,1,0,0,0,0,0,2,5,0.063,0.167,0.125,0.292,-17.0,2.0,0,0,0,0,0,colliza01,0
24,23,3,3,1,0,0,2,1,0,1,3,0.13,0.167,0.174,0.341,-11.0,4.0,1,0,0,0,0,colonch01,0
233,202,40,65,12,0,9,31,3,3,24,57,0.322,0.412,0.515,0.927,154.0,104.0,6,7,0,0,0,confomi01,0
10,10,0,4,1,0,0,1,0,0,0,4,0.4,0.4,0.5,0.9,136.0,5.0,0,0,0,0,0,contrwi02,0
225,189,37,46,10,0,7,26,1,2,20,57,0.243,0.356,0.407,0.763,106.0,77.0,6,14,0,2,1,contrwi01,0
133,120,20,34,8,0,6,20,0,0,11,31,0.283,0.353,0.5,0.853,127.0,60.0,5,2,0,0,0,coopega03,0
8,8,0,1,0,0,0,0,1,0,0,3,0.125,0.125,0.125,0.25,-30.0,1.0,0,0,0,0,0,cordery01,0
42,38,7,8,3,0,2,7,1,0,4,4,0.211,0.286,0.447,0.733,94.0,17.0,1,0,0,0,0,cordefr02,0
221,201,22,53,9,0,5,25,0,0,16,49,0.264,0.326,0.383,0.709,93.0,77.0,4,3,0,1,2,correca01,0
4,4,0,0,0,0,0,0,0,0,0,1,0.0,0.0,0.0,0.0,-100.0,0.0,0,0,0,0,0,craigwi01,0
193,172,26,44,12,0,8,28,1,2,15,47,0.256,0.326,0.465,0.792,115.0,80.0,3,4,0,2,2,crawfbr01,0
232,204,33,52,7,2,2,24,6,3,23,39,0.255,0.336,0.338,0.674,91.0,69.0,4,3,0,2,0,crawfjp01,0
52,42,9,8,3,0,4,8,0,0,9,16,0.19,0.346,0.548,0.894,141.0,23.0,2,1,0,0,0,croncj01,0
20,17,0,0,0,0,0,0,0,0,1,7,0.0,0.15,0.0,0.15,-54.0,0.0,0,2,0,0,0,cronke01,0
192,172,26,49,15,3,4,20,3,1,18,30,0.285,0.354,0.477,0.831,129.0,82.0,4,1,0,1,0,croneja01,0
214,185,33,56,6,0,16,33,0,0,25,58,0.303,0.397,0.595,0.992,171.0,110.0,8,4,0,0,5,cruzne02,0
7,7,2,1,1,0,0,1,0,0,0,4,0.143,0.143,0.286,0.429,9.0,2.0,0,0,0,0,0,culbech01,0
1,1,0,0,0,0,0,0,0,0,0,0,0.0,0.0,0.0,0.0,-100.0,0.0,0,0,0,0,0,cuthbch01,0
184,165,19,53,8,0,9,34,1,0,16,50,0.321,0.386,0.533,0.919,139.0,88.0,8,2,0,1,0,darnatr01,0
99,93,9,17,2,2,0,9,1,0,4,28,0.183,0.222,0.247,0.47,20.0,23.0,0,1,0,1,0,dahlda01,0
92,80,13,21,3,0,8,16,0,0,10,39,0.263,0.359,0.6,0.959,149.0,48.0,0,2,0,0,0,dalbebo01,0
47,43,3,7,1,0,3,11,0,0,4,13,0.163,0.234,0.395,0.629,60.0,17.0,2,0,0,0,0,davidma02,0
0,0,0,0,0,0,0,0,0,0,0,0,,,,,,0.0,0,0,0,0,0,davisau01,0
0,0,0,0,0,0,0,0,0,0,0,0,,,,,,0.0,0,0,0,0,0,davisau01,0
55,52,3,6,3,0,0,1,0,0,3,17,0.115,0.164,0.173,0.337,-8.0,9.0,0,0,0,0,0,davisch02,0
229,190,26,47,9,0,6,19,0,0,31,56,0.247,0.371,0.389,0.761,111.0,74.0,8,7,0,1,1,davisjd01,0
12,12,2,2,0,0,1,1,0,0,0,6,0.167,0.167,0.417,0.583,54.0,5.0,0,0,0,0,0,davisja03,0
34,27,4,7,2,0,1,6,1,0,3,11,0.259,0.364,0.444,0.808,121.0,12.0,1,2,0,1,0,davisjo05,0
99,85,9,17,5,0,2,10,0,0,10,26,0.2,0.303,0.329,0.632,78.0,28.0,5,3,0,1,0,daviskh01,0
7,4,1,1,1,0,0,0,0,0,3,2,0.25,0.571,0.5,1.071,202.0,2.0,0,0,0,0,0,deanau01,0
174,152,17,38,6,0,3,25,1,0,17,50,0.25,0.322,0.349,0.671,87.0,53.0,4,1,0,4,0,dejonpa01,0
22,20,0,3,0,0,0,3,0,0,2,2,0.15,0.227,0.15,0.377,8.0,3.0,2,0,0,0,0,delmoni01,0
33,29,5,5,1,0,0,4,0,0,3,14,0.172,0.273,0.207,0.48,36.0,6.0,0,1,0,0,0,demertr01,0
120,107,10,27,3,2,0,7,3,2,9,29,0.252,0.31,0.318,0.628,73.0,34.0,0,0,4,0,0,deshide02,0
248,232,32,61,16,1,11,43,0,0,13,67,0.263,0.31,0.483,0.793,107.0,112.0,8,3,0,0,0,deverra01,0
59,58,8,14,5,0,3,6,0,0,1,12,0.241,0.254,0.483,0.737,95.0,28.0,1,0,0,0,0,diazal02,0
73,68,4,16,2,0,2,9,0,0,5,15,0.235,0.288,0.353,0.641,63.0,24.0,4,0,0,0,0,diazel01,0
22,22,3,4,0,0,0,1,0,0,0,7,0.182,0.182,0.182,0.364,-1.0,4.0,0,0,0,0,0,diazis01,0
41,39,2,6,2,0,0,3,0,0,2,12,0.154,0.195,0.205,0.4,9.0,8.0,2,0,0,0,0,diazle01,0
138,114,16,35,3,0,2,11,0,0,23,17,0.307,0.428,0.386,0.814,133.0,44.0,6,1,0,0,1,diazya01,0
170,151,28,45,10,1,10,27,0,0,16,30,0.298,0.371,0.576,0.947,156.0,87.0,5,2,0,1,2,dickeal01,0
210,194,25,50,5,1,7,17,1,1,15,35,0.258,0.311,0.402,0.713,91.0,78.0,5,0,0,0,1,dickeco01,0
75,61,9,12,1,0,5,8,1,1,9,21,0.197,0.347,0.459,0.806,121.0,28.0,4,5,0,0,0,dietrde01,0
18,14,1,1,0,0,0,1,0,0,3,4,0.071,0.222,0.071,0.294,-14.0,1.0,0,0,0,1,0,difowi01,0
14,13,0,1,1,0,0,2,0,0,1,4,0.077,0.143,0.154,0.297,-18.0,2.0,1,0,0,0,0,dixonbr01,0
102,81,14,18,2,0,6,11,0,0,18,24,0.222,0.373,0.469,0.842,132.0,38.0,4,2,0,1,1,donaljo02,0
16,15,1,2,0,0,0,0,0,0,1,5,0.133,0.188,0.133,0.321,-9.0,2.0,1,0,0,0,0,doziebr01,0
186,158,29,36,4,2,6,12,4,0,27,48,0.228,0.344,0.392,0.736,99.0,62.0,3,1,0,0,0,doziehu01,0
49,46,3,7,1,0,0,1,0,0,2,9,0.152,0.184,0.174,0.358,0.0,8.0,0,0,0,1,0,drurybr01,0
177,157,21,43,4,1,4,19,2,3,15,36,0.274,0.337,0.389,0.726,100.0,61.0,4,1,1,2,0,dubonma01,0
36,34,3,6,2,0,0,3,1,0,1,11,0.176,0.222,0.235,0.458,27.0,8.0,1,1,0,0,0,duggast01,0
209,190,34,45,8,0,16,33,0,0,15,54,0.237,0.301,0.532,0.833,114.0,101.0,2,3,0,1,0,duvalad01,0
66,61,9,11,0,0,0,5,6,0,4,11,0.18,0.231,0.18,0.411,15.0,11.0,0,0,1,0,0,dysonja01,0
55,51,6,8,0,0,0,5,4,0,4,10,0.157,0.218,0.157,0.375,5.0,8.0,0,0,0,0,0,dysonja01,0
11,10,3,3,0,0,0,0,2,0,0,1,0.3,0.3,0.3,0.6,67.0,3.0,0,0,1,0,0,dysonja01,0
176,159,22,36,11,1,4,17,3,0,12,32,0.226,0.285,0.384,0.669,79.0,61.0,4,1,4,0,1,eatonad02,0
227,204,29,51,7,1,5,26,2,4,16,48,0.25,0.317,0.368,0.685,90.0,75.0,5,5,0,2,0,edmanto01,0
0,0,0,0,0,0,0,0,0,0,0,0,,,,,,0.0,0,0,0,0,0,elledse01,0
181,159,19,25,5,0,10,19,0,0,16,54,0.157,0.25,0.377,0.627,70.0,60.0,3,4,0,1,0,encared01,0
93,88,11,26,5,1,3,12,1,0,3,19,0.295,0.333,0.477,0.811,120.0,42.0,1,2,0,0,0,engelad01,0
89,74,10,11,3,0,0,4,1,0,14,22,0.149,0.292,0.189,0.481,35.0,14.0,2,1,0,0,0,ervinph01,0
42,35,5,3,0,0,0,0,1,0,6,8,0.086,0.238,0.086,0.324,-10.0,3.0,1,1,0,0,0,ervinph01,0
47,39,5,8,3,0,0,4,0,0,8,14,0.205,0.34,0.282,0.622,79.0,11.0,1,0,0,0,0,ervinph01,0
222,203,22,43,7,3,4,20,1,0,15,41,0.212,0.27,0.335,0.605,63.0,68.0,5,2,0,2,4,escobed01,0
66,60,10,16,4,0,0,6,1,0,4,16,0.267,0.308,0.333,0.641,77.0,20.0,1,0,1,1,0,espinsa01,0
52,48,8,8,0,0,1,3,1,0,1,19,0.167,0.231,0.229,0.46,29.0,11.0,0,3,0,0,0,estrath01,0
45,39,6,14,2,0,1,9,0,1,5,7,0.359,0.444,0.487,0.932,155.0,19.0,1,1,0,0,0,evansph01,0
70,64,4,17,3,0,0,4,1,0,5,13,0.266,0.329,0.313,0.641,69.0,20.0,0,1,0,0,0,farmeky01,0
39,31,5,7,2,1,1,7,0,1,7,11,0.226,0.359,0.452,0.811,122.0,14.0,0,0,0,1,0,fishede01,0
230,207,31,66,13,0,3,18,2,1,20,25,0.319,0.376,0.425,0.801,120.0,88.0,4,0,1,2,0,fletcda02,0
213,198,30,53,11,1,12,32,1,0,13,36,0.268,0.315,0.515,0.83,124.0,102.0,5,1,0,1,1,florewi01,0
3,3,0,1,0,0,0,0,0,0,0,2,0.333,0.333,0.333,0.667,87.0,1.0,0,0,0,0,0,flories01,0
80,69,5,15,6,0,1,5,0,0,8,34,0.217,0.325,0.348,0.673,78.0,24.0,1,3,0,0,0,flowety01,0
84,74,5,10,4,0,2,11,0,0,7,16,0.135,0.226,0.27,0.496,38.0,20.0,4,2,0,1,0,fordmi01,0
38,34,2,4,1,0,1,2,0,0,4,12,0.118,0.211,0.235,0.446,21.0,8.0,0,0,0,0,0,forsylo01,0
0,0,0,0,0,0,0,0,0,0,0,0,,,,,,0.0,0,0,0,0,0,fostema01,0
101,90,14,21,2,0,4,15,1,1,10,28,0.233,0.317,0.389,0.706,95.0,35.0,2,1,0,0,0,fowlede01,0
29,26,3,4,1,1,0,0,2,1,2,11,0.154,0.241,0.269,0.511,44.0,7.0,0,1,0,0,0,fraleja01,0
155,141,19,43,9,1,4,23,0,0,11,37,0.305,0.368,0.468,0.836,133.0,66.0,3,3,0,0,0,francty01,0
61,55,9,17,4,0,2,10,0,0,5,15,0.309,0.377,0.491,0.868,140.0,27.0,1,1,0,0,0,francty01,0
94,86,10,26,5,1,2,13,0,0,6,22,0.302,0.362,0.453,0.815,128.0,39.0,2,2,0,0,0,francty01,0
243,223,23,62,16,0,8,38,1,0,16,38,0.278,0.321,0.457,0.778,108.0,102.0,4,0,0,4,1,francma02,0
230,209,22,48,7,0,7,23,1,3,17,35,0.23,0.297,0.364,0.661,79.0,76.0,3,3,1,0,0,fraziad01,0
160,131,24,35,6,1,8,26,3,0,25,44,0.267,0.394,0.511,0.905,150.0,67.0,5,3,0,1,0,frazicl01,0
172,157,16,37,9,1,4,12,1,1,11,42,0.236,0.302,0.382,0.684,88.0,60.0,1,4,0,0,0,frazito01,0
121,108,11,26,7,1,2,7,1,1,10,26,0.241,0.322,0.38,0.702,94.0,41.0,0,3,0,0,0,frazito01,0
51,49,5,11,2,0,2,5,0,0,1,16,0.224,0.255,0.388,0.643,74.0,19.0,1,1,0,0,0,frazito01,0
262,214,51,73,23,1,13,53,2,0,45,37,0.341,0.462,0.64,1.102,187.0,137.0,6,3,0,0,7,freemfr01,1
43,38,5,9,3,0,0,3,0,0,3,11,0.237,0.302,0.316,0.618,70.0,12.0,0,1,0,1,0,freemmi01,0
103,98,14,30,7,0,2,17,1,0,2,29,0.306,0.32,0.439,0.759,92.0,43.0,1,1,0,2,0,fuentjo01,0
60,53,10,15,5,0,1,3,0,0,6,11,0.283,0.356,0.434,0.79,113.0,23.0,0,0,1,0,0,gallaca01,0
226,193,23,35,8,0,10,26,2,0,29,79,0.181,0.301,0.378,0.679,87.0,73.0,0,4,0,0,2,gallojo01,0
159,141,18,31,5,0,7,16,1,1,13,30,0.22,0.308,0.404,0.712,84.0,57.0,5,5,0,0,0,galvifr01,0
127,114,13,27,8,1,3,10,0,2,13,39,0.237,0.315,0.404,0.718,91.0,46.0,4,0,0,0,0,gamelbe01,0
7,6,0,0,0,0,0,0,0,0,1,4,0.0,0.143,0.0,0.143,-55.0,0.0,0,0,0,0,0,garciad02,0
207,181,20,43,10,0,2,15,1,3,20,49,0.238,0.333,0.326,0.659,78.0,59.0,2,6,0,0,2,garciav01,0
71,60,6,12,3,0,0,11,1,0,7,18,0.2,0.279,0.25,0.529,50.0,15.0,0,0,3,1,0,garcigr01,0
63,59,6,16,1,0,3,8,0,0,4,9,0.271,0.317,0.441,0.758,106.0,26.0,0,0,0,0,0,garcile02,0
139,134,18,37,6,0,2,16,1,1,5,29,0.276,0.302,0.366,0.668,81.0,49.0,3,0,0,0,0,garcilu04,0
158,130,20,29,5,1,5,15,3,3,26,35,0.223,0.354,0.392,0.747,109.0,51.0,0,1,0,1,0,gardnbr01,0
23,22,0,3,1,0,0,3,0,0,0,7,0.136,0.174,0.182,0.356,-3.0,4.0,0,1,0,0,0,garliky01,0
46,38,4,6,0,1,1,4,0,0,6,15,0.158,0.273,0.289,0.562,54.0,11.0,1,0,2,0,0,garnedu01,0
81,72,8,12,1,0,2,5,0,0,7,37,0.167,0.247,0.264,0.511,42.0,19.0,1,1,0,1,0,garvemi01,0
132,118,22,31,3,2,3,12,8,1,7,28,0.263,0.333,0.398,0.732,101.0,47.0,0,6,0,1,0,gimenan01,0
10,9,4,0,0,0,0,0,0,0,1,1,0.0,0.1,0.0,0.1,-69.0,0.0,0,0,0,0,0,goinsry01,0
231,191,31,58,13,0,6,21,1,0,37,43,0.304,0.417,0.466,0.883,145.0,89.0,4,1,0,1,0,goldspa01,0
119,109,14,31,6,1,4,13,1,0,6,22,0.284,0.319,0.468,0.787,110.0,51.0,1,1,0,3,0,gomesya01,0
0,0,0,0,0,0,0,0,0,0,0,0,,,,,,0.0,0,0,0,0,0,gonsoto01,0
193,181,14,41,13,1,3,20,2,3,8,51,0.227,0.255,0.359,0.614,65.0,65.0,5,0,1,3,0,gonzaer01,0
2,1,1,0,0,0,0,0,0,0,0,1,0.0,0.5,0.0,0.5,57.0,0.0,0,1,0,0,0,gonzalu03,0
199,175,15,37,4,0,5,22,0,0,17,41,0.211,0.286,0.32,0.606,69.0,56.0,1,3,0,4,0,gonzama01,0
179,158,15,29,7,1,5,20,7,1,18,69,0.184,0.263,0.335,0.598,63.0,53.0,4,0,0,3,0,goodrni01,0
164,144,17,31,9,1,6,22,5,0,17,54,0.215,0.299,0.417,0.715,90.0,60.0,1,1,0,2,1,goodwbr01,0
109,95,12,23,7,1,4,17,1,0,12,35,0.242,0.33,0.463,0.793,115.0,44.0,0,1,0,1,1,goodwbr01,0
55,49,5,8,2,0,2,5,4,0,5,19,0.163,0.236,0.327,0.563,45.0,16.0,1,0,0,1,0,goodwbr01,0
184,163,15,34,4,0,4,11,0,0,18,37,0.209,0.299,0.307,0.606,65.0,50.0,0,3,0,0,0,gordoal01,0
0,0,0,0,0,0,0,0,0,0,0,0,,,,,,0.0,0,0,0,0,0,gorete01,0
102,92,14,23,5,0,3,12,0,0,10,27,0.25,0.324,0.402,0.726,95.0,37.0,3,0,0,0,1,gosseph01,0
194,161,27,37,7,0,8,27,0,0,30,58,0.23,0.351,0.422,0.773,112.0,68.0,4,1,0,2,0,grandya01,0
0,0,0,0,0,0,0,0,0,0,0,0,,,,,,0.0,0,0,0,0,0,greench03,0
237,215,34,61,10,2,10,40,3,2,15,28,0.284,0.339,0.488,0.827,120.0,105.0,4,4,1,2,3,gregodi01,0
55,51,8,6,2,0,3,8,0,0,3,20,0.118,0.182,0.333,0.515,38.0,17.0,2,1,0,0,0,greingr01,0
231,216,38,59,9,0,12,35,1,1,13,49,0.273,0.312,0.481,0.793,114.0,104.0,5,0,0,2,1,grichra01,0
252,215,42,54,8,3,10,26,10,1,31,64,0.251,0.352,0.456,0.808,123.0,98.0,1,3,1,1,0,grishtr01,0
192,166,23,40,12,2,8,23,8,1,21,38,0.241,0.344,0.482,0.826,128.0,80.0,1,5,0,0,2,grossro01,0
4,3,0,1,0,0,0,1,0,0,1,1,0.333,0.5,0.333,0.833,130.0,1.0,0,0,0,0,0,grullde01,0
243,221,34,58,13,2,9,33,1,0,20,38,0.262,0.329,0.462,0.791,115.0,102.0,6,2,0,0,1,guerrvl02,0
68,57,6,19,6,0,0,9,2,0,10,17,0.333,0.426,0.439,0.865,140.0,25.0,3,0,0,1,0,guilllu01,0
224,208,28,64,14,0,11,33,3,1,14,48,0.308,0.348,0.534,0.882,138.0,111.0,7,0,0,2,0,gurrilo01,0
230,211,27,49,12,1,6,22,0,1,12,27,0.232,0.274,0.384,0.658,77.0,81.0,6,2,0,5,0,gourryu01,0
12,9,0,1,0,0,0,0,0,0,3,6,0.111,0.333,0.111,0.444,29.0,1.0,0,0,0,0,0,gutieke01,0
86,78,10,19,1,1,4,9,1,0,7,24,0.244,0.314,0.436,0.75,105.0,34.0,0,1,0,0,0,guzmaro01,0
135,117,19,29,3,0,9,17,0,0,15,38,0.248,0.333,0.504,0.838,120.0,59.0,4,1,0,2,1,gyorkje01,0
19,17,1,3,0,0,0,2,0,0,1,6,0.176,0.211,0.176,0.387,9.0,3.0,0,0,0,1,0,haaseer01,0
0,0,0,0,0,0,0,0,0,0,0,0,,,,,,0.0,0,0,0,0,0,haderjo01,0
54,50,7,13,4,0,1,6,4,0,4,16,0.26,0.315,0.4,0.715,100.0,20.0,0,0,0,0,0,haggesa01,0
36,32,10,4,0,0,1,2,6,2,2,7,0.125,0.171,0.219,0.39,6.0,7.0,0,0,1,1,0,hamilbi02,0
25,22,4,1,0,0,0,1,3,1,1,3,0.045,0.083,0.045,0.129,-63.0,1.0,0,0,1,1,0,hamilbi02,0
11,10,6,3,0,0,1,1,3,1,1,4,0.3,0.364,0.6,0.964,154.0,6.0,0,0,0,0,0,hamilbi02,0
184,167,25,39,4,3,5,11,6,1,13,60,0.234,0.287,0.383,0.671,70.0,64.0,1,0,3,1,0,hampsga01,0
231,198,27,51,11,1,12,28,1,3,30,63,0.258,0.361,0.505,0.866,131.0,100.0,1,2,1,0,1,happia01,0
244,190,41,51,9,2,13,33,8,2,49,43,0.268,0.42,0.542,0.962,158.0,103.0,5,2,1,2,8,harpebr03,0
91,79,11,22,2,0,3,14,1,2,6,12,0.278,0.352,0.418,0.769,108.0,33.0,2,4,0,2,0,harrijo05,0
51,47,8,8,1,0,1,3,6,0,4,26,0.17,0.235,0.255,0.491,33.0,12.0,0,0,0,0,0,harrimo01,0
92,79,7,22,5,0,0,13,0,0,7,17,0.278,0.348,0.342,0.69,88.0,27.0,3,2,3,1,1,haselad01,0
95,85,17,32,7,2,5,11,1,0,9,20,0.376,0.442,0.682,1.124,201.0,58.0,2,1,0,0,2,hayeske01,0
134,122,20,34,2,0,4,9,2,3,8,25,0.279,0.328,0.393,0.722,96.0,48.0,1,2,0,2,0,haysau01,0
7,7,0,1,0,0,0,0,0,0,0,2,0.143,0.143,0.143,0.286,-23.0,1.0,0,0,0,0,0,healyry01,0
18,13,2,2,1,0,0,3,2,2,2,6,0.154,0.313,0.231,0.543,51.0,3.0,0,1,1,0,0,heathni01,0
63,59,7,15,3,0,0,2,0,0,4,12,0.254,0.302,0.305,0.607,61.0,18.0,1,0,0,0,0,hechaad01,0
83,69,7,10,1,0,3,6,1,1,6,23,0.145,0.231,0.29,0.521,44.0,20.0,3,2,5,1,0,hedgeau01,0
71,57,7,9,1,0,3,6,1,1,6,18,0.158,0.258,0.333,0.591,63.0,19.0,3,2,5,1,0,hedgeau01,0
12,12,0,1,0,0,0,0,0,0,0,5,0.083,0.083,0.083,0.167,-54.0,1.0,0,0,0,0,0,hedgeau01,0
41,38,5,8,0,0,0,5,0,0,3,3,0.211,0.268,0.211,0.479,37.0,8.0,1,0,0,0,0,heimjo01,0
54,52,6,8,3,0,1,7,3,0,2,11,0.154,0.185,0.269,0.454,24.0,14.0,1,0,0,0,0,heinesc01,0
50,42,3,8,1,0,0,1,1,0,4,6,0.19,0.292,0.214,0.506,44.0,9.0,0,2,2,0,0,heinety01,0
0,0,0,0,0,0,0,0,0,0,0,0,,,,,,0.0,0,0,0,0,0,hendrky01,0
36,33,6,7,0,0,2,5,1,0,3,9,0.212,0.278,0.394,0.672,82.0,13.0,0,0,0,0,0,heredgu01,0
18,16,2,3,0,0,0,2,1,0,2,4,0.188,0.278,0.188,0.465,31.0,3.0,0,0,0,0,0,heredgu01,0
18,17,4,4,0,0,2,3,0,0,1,5,0.235,0.278,0.588,0.866,130.0,10.0,0,0,0,0,0,heredgu01,0
10,8,0,2,0,0,0,2,1,0,1,1,0.25,0.3,0.25,0.55,54.0,2.0,0,0,0,1,0,hermomi01,0
261,233,35,66,20,0,3,20,0,0,24,57,0.283,0.355,0.408,0.763,109.0,95.0,3,2,1,0,0,hernace02,0
148,139,20,32,8,1,5,20,0,1,6,31,0.23,0.27,0.41,0.68,81.0,57.0,5,2,0,1,0,hernaen02,0
4,4,1,2,0,0,0,0,0,0,0,1,0.5,0.5,0.5,1.0,173.0,2.0,1,0,0,0,0,hernaos01,0
207,190,33,55,7,0,16,34,6,1,14,63,0.289,0.34,0.579,0.919,146.0,110.0,4,1,0,1,0,hernate01,0
28,26,3,5,3,0,1,6,0,0,1,12,0.192,0.214,0.423,0.637,67.0,11.0,0,0,0,1,0,hernaya01,0
6,5,0,0,0,0,0,0,0,0,0,4,0.0,0.167,0.0,0.167,-48.0,0.0,0,1,0,0,0,herredi01,0
181,147,20,39,6,2,6,22,2,0,30,37,0.265,0.392,0.456,0.848,129.0,67.0,1,2,0,2,1,heywaja01,0
211,169,28,38,10,2,6,21,4,1,41,38,0.225,0.379,0.414,0.793,122.0,70.0,4,1,0,0,1,hicksaa01,0
48,48,7,12,1,0,4,10,0,0,0,11,0.25,0.25,0.521,0.771,107.0,25.0,0,0,0,0,0,higasky01,0
12,11,3,1,0,0,0,0,0,0,1,6,0.091,0.167,0.091,0.258,-26.0,1.0,0,0,0,0,0,hillde01,0
1,1,0,0,0,0,0,0,0,0,0,1,0.0,0.0,0.0,0.0,-100.0,0.0,0,0,0,0,0,hillti01,0
114,105,13,22,2,2,6,10,3,0,9,42,0.21,0.272,0.438,0.71,77.0,46.0,0,0,0,0,0,hillisa01,0
246,217,30,46,4,0,13,32,3,2,16,85,0.212,0.297,0.41,0.707,87.0,89.0,7,11,0,2,2,hiurake01,0
126,108,19,24,4,0,0,13,3,2,12,24,0.222,0.312,0.259,0.571,57.0,28.0,3,3,0,2,0,hoernni01,0
33,31,5,5,1,0,0,4,0,0,2,9,0.161,0.212,0.194,0.406,12.0,6.0,1,0,0,0,0,holadbr01,0
0,0,1,0,0,0,0,0,0,0,0,0,,,,,,0.0,0,0,0,0,0,holdejo02,0
106,95,12,20,6,0,0,5,1,0,9,24,0.211,0.283,0.274,0.557,52.0,26.0,3,1,0,1,0,holtbr01,0
36,30,1,3,0,0,0,1,0,0,4,9,0.1,0.222,0.1,0.322,-9.0,3.0,2,1,0,1,0,holtbr01,0
70,65,11,17,6,0,0,4,1,0,5,15,0.262,0.314,0.354,0.668,81.0,23.0,1,0,0,0,0,holtbr01,0
185,151,35,37,9,0,10,26,1,0,29,43,0.245,0.384,0.503,0.887,138.0,76.0,4,5,0,0,0,hoskirh01,0
156,143,23,41,6,0,9,36,4,0,9,28,0.287,0.333,0.517,0.851,132.0,74.0,3,2,0,2,0,hosmeer01,0
20,17,0,3,0,0,0,0,0,0,2,5,0.176,0.263,0.176,0.44,28.0,3.0,0,0,1,0,0,hudsojo03,0
33,31,5,11,3,0,3,4,0,0,2,11,0.355,0.394,0.742,1.136,204.0,23.0,0,0,0,0,0,huffsa01,0
150,142,16,53,17,0,3,24,0,0,3,17,0.373,0.4,0.556,0.956,157.0,79.0,1,4,0,1,0,iglesjo01,0
0,0,0,0,0,0,0,0,0,0,0,0,,,,,,0.0,0,0,0,0,0,iglesra01,0
131,116,17,22,2,1,1,10,4,1,12,25,0.19,0.262,0.25,0.512,36.0,29.0,0,0,1,2,0,inciaen01,0
7,7,0,2,1,0,0,0,0,0,0,4,0.286,0.286,0.429,0.714,85.0,3.0,1,0,0,0,0,jacksal02,0
17,15,3,1,0,0,0,0,2,1,2,7,0.067,0.176,0.067,0.243,-32.0,1.0,1,0,0,0,0,jankotr01,0
147,120,18,22,3,0,6,20,0,0,21,31,0.183,0.313,0.358,0.671,85.0,43.0,1,2,3,1,0,janseda01,0
57,50,5,8,1,0,1,4,0,0,3,12,0.16,0.211,0.24,0.451,22.0,12.0,0,1,0,3,0,jayjo02,0
62,55,5,15,0,0,3,7,0,0,5,19,0.273,0.355,0.436,0.791,119.0,24.0,0,2,0,0,0,jeffery01,0
0,0,0,0,0,0,0,0,0,0,0,0,,,,,,0.0,0,0,0,0,0,jeffrje01,0
226,213,26,63,14,0,14,41,0,0,12,56,0.296,0.332,0.559,0.891,139.0,119.0,4,0,0,1,0,jimenel02,0
13,12,0,1,0,0,0,0,0,0,1,5,0.083,0.154,0.083,0.237,-32.0,1.0,0,0,0,0,1,johnsda07,0
108,97,19,26,9,0,5,14,1,1,7,34,0.268,0.333,0.515,0.849,129.0,50.0,1,3,0,1,0,jonesja07,0
7,7,2,3,0,0,0,1,0,0,0,2,0.429,0.429,0.429,0.857,137.0,3.0,0,0,0,0,0,jonesja08,0
22,21,3,4,1,0,1,3,0,0,1,7,0.19,0.227,0.381,0.608,62.0,8.0,2,0,0,0,0,jonesta01,0
9,8,2,1,0,0,1,2,0,0,1,1,0.125,0.222,0.5,0.722,90.0,4.0,0,0,0,0,0,josepca01,0
148,127,16,32,4,0,2,14,1,0,20,41,0.252,0.351,0.331,0.682,87.0,42.0,3,0,0,1,0,joycema01,0
114,101,23,26,3,0,9,22,0,1,10,32,0.257,0.336,0.554,0.891,143.0,56.0,5,2,0,0,0,judgeaa01,0
0,0,0,0,0,0,0,0,0,0,0,0,,,,,,0.0,0,0,0,0,0,kelletr01,0
129,122,11,27,5,0,5,19,0,0,6,29,0.221,0.264,0.385,0.649,73.0,47.0,4,1,0,0,0,kellyca02,0
132,117,18,28,3,0,6,21,1,0,15,41,0.239,0.326,0.419,0.745,89.0,49.0,5,0,0,0,1,kempma01,0
114,93,15,23,5,0,0,4,3,1,15,14,0.247,0.363,0.301,0.664,90.0,28.0,0,3,1,2,0,kempto01,0
100,91,11,25,4,0,2,14,0,0,7,17,0.275,0.32,0.385,0.705,91.0,35.0,4,0,0,2,2,kendrho01,0
196,171,27,39,9,0,9,23,3,0,22,36,0.228,0.321,0.439,0.76,109.0,75.0,1,2,0,1,0,keplema01,0
122,99,15,20,1,0,0,9,0,1,17,33,0.202,0.344,0.212,0.556,57.0,21.0,6,5,0,1,0,kieboca01,0
159,138,16,30,5,3,3,22,8,1,20,42,0.217,0.321,0.362,0.683,93.0,50.0,2,1,0,0,1,kiermke01,0
0,0,0,0,0,0,0,0,0,0,0,0,,,,,,0.0,0,0,0,0,0,kimbrcr01,0
228,211,28,59,4,3,3,10,8,5,14,32,0.28,0.329,0.37,0.699,93.0,78.0,6,2,0,1,0,kineris01,0
124,113,12,18,5,0,3,6,0,0,9,35,0.159,0.228,0.283,0.511,37.0,32.0,1,1,1,0,0,kingesc01,0
135,114,13,27,8,1,3,16,1,0,18,41,0.237,0.341,0.404,0.744,101.0,46.0,1,1,0,2,0,kipnija01,0
25,24,4,9,2,0,1,3,0,0,1,4,0.375,0.4,0.583,0.983,166.0,14.0,0,0,0,0,0,kirkal01,0
89,72,9,20,4,1,2,15,0,0,15,19,0.278,0.404,0.444,0.849,130.0,32.0,1,1,0,1,0,knappan01,0
17,16,1,4,1,0,0,4,0,0,0,5,0.25,0.235,0.313,0.548,50.0,5.0,2,0,0,1,0,kniznan01,0
0,0,0,0,0,0,0,0,0,0,0,0,,,,,,0.0,0,0,0,0,0,kolarad01,0
30,28,2,9,2,0,0,4,0,0,2,6,0.321,0.367,0.393,0.76,113.0,11.0,0,0,0,0,0,kratzer01,0
228,196,31,55,14,2,5,25,1,0,27,12,0.281,0.37,0.449,0.819,126.0,88.0,6,2,1,2,0,lasteto01,0
117,99,15,27,8,0,4,14,1,0,15,7,0.273,0.371,0.475,0.845,130.0,47.0,3,1,1,1,0,lasteto01,0
111,97,16,28,6,2,1,11,0,0,12,5,0.289,0.369,0.423,0.792,122.0,41.0,3,1,0,1,0,lasteto01,0
0,0,0,0,0,0,0,0,0,0,0,0,,,,,,0.0,0,0,0,0,0,lagarju01,0
0,0,1,0,0,0,0,0,0,0,0,0,,,,,,0.0,0,0,0,0,0,lakintr01,0
99,88,7,17,5,0,3,10,0,1,8,25,0.193,0.283,0.352,0.635,74.0,31.0,1,3,0,0,0,lambja01,0
50,43,2,5,1,0,0,1,0,1,6,17,0.116,0.24,0.14,0.38,7.0,6.0,0,1,0,0,0,lambja01,0
49,45,5,12,4,0,3,9,0,0,2,8,0.267,0.327,0.556,0.882,141.0,25.0,1,2,0,0,0,lambja01,0
222,183,27,39,8,1,6,25,2,1,24,58,0.213,0.338,0.366,0.704,98.0,67.0,7,12,0,3,0,laurera01,0
11,11,0,4,0,0,0,0,0,0,0,2,0.364,0.364,0.364,0.727,98.0,4.0,0,0,0,0,0,lavarry01,0
216,195,41,71,10,2,10,27,3,0,18,21,0.364,0.421,0.59,1.011,178.0,115.0,3,2,0,1,0,lemahdj01,0
81,66,4,9,1,0,2,4,0,0,14,21,0.136,0.296,0.242,0.539,51.0,16.0,2,1,0,0,0,leonsa01,0
242,206,37,54,3,0,11,28,5,1,34,71,0.262,0.364,0.437,0.801,124.0,90.0,5,0,0,2,0,lewisky01,0
57,52,2,8,1,0,0,3,0,0,2,17,0.154,0.182,0.173,0.355,-4.0,9.0,1,0,2,1,0,lintz02,0
266,236,30,61,13,0,8,27,6,2,24,41,0.258,0.335,0.415,0.75,104.0,98.0,8,4,0,2,2,lindofr01,0
82,69,15,20,4,1,2,7,4,0,8,14,0.29,0.395,0.464,0.859,133.0,32.0,0,4,1,0,0,locasti01,0
128,117,10,20,5,0,3,9,4,0,11,37,0.171,0.242,0.291,0.533,49.0,34.0,1,0,0,0,0,longsh01,0
209,193,26,49,10,1,7,28,0,1,11,39,0.254,0.297,0.425,0.722,96.0,82.0,10,2,0,3,0,longoev01,0
151,143,16,34,12,0,2,15,5,0,6,34,0.238,0.278,0.364,0.642,79.0,52.0,2,2,0,0,0,lopesti01,0
192,169,15,34,8,0,1,13,0,5,18,41,0.201,0.286,0.266,0.552,51.0,45.0,1,2,3,0,0,lopezni01,0
1,0,2,0,0,0,0,0,0,0,0,0,,1.0,,,,0.0,0,1,0,0,0,lorenmi01,0
224,193,36,52,9,2,14,37,3,0,25,58,0.269,0.362,0.554,0.916,154.0,107.0,2,4,0,2,0,lowebr01,0
76,67,10,15,2,0,4,11,1,0,9,28,0.224,0.316,0.433,0.749,109.0,29.0,2,0,0,0,2,lowena01,0
0,0,0,0,0,0,0,0,0,0,0,0,,,,,,0.0,0,0,0,0,0,lucrojo01,0
11,10,3,2,0,0,0,1,0,0,1,1,0.2,0.273,0.2,0.473,34.0,2.0,1,0,0,0,0,lugoda01,0
92,78,8,15,5,1,2,8,0,1,12,19,0.192,0.304,0.359,0.663,81.0,28.0,3,1,0,1,0,luplojo01,0
69,63,8,11,2,0,3,8,1,0,6,19,0.175,0.246,0.349,0.596,59.0,22.0,0,0,0,0,0,luxga01,0
254,224,44,68,12,1,16,47,6,3,26,37,0.304,0.37,0.58,0.95,160.0,130.0,9,0,0,4,4,machama01,0
71,63,11,13,2,0,0,0,0,0,8,10,0.206,0.296,0.238,0.534,53.0,15.0,4,0,0,0,0,machivi01,0
109,103,8,35,3,0,0,11,2,1,4,7,0.34,0.376,0.369,0.745,107.0,38.0,5,2,0,0,0,madrini01,0
165,135,19,29,4,0,6,24,1,0,27,51,0.215,0.35,0.378,0.727,99.0,51.0,2,1,2,0,0,maldoma01,0
9,8,3,4,0,0,1,3,0,0,1,2,0.5,0.556,0.875,1.431,279.0,7.0,0,0,0,0,0,marchra01,0
159,145,19,39,9,0,1,11,12,4,13,25,0.269,0.327,0.352,0.679,93.0,51.0,0,0,0,1,0,margoma01,0
34,33,4,11,3,0,2,5,0,0,1,10,0.333,0.353,0.606,0.959,158.0,20.0,0,0,0,0,0,marisja01,0
141,130,15,33,15,0,1,15,0,1,10,23,0.254,0.312,0.392,0.704,85.0,51.0,5,1,0,0,0,markani01,0
115,107,12,22,4,0,6,18,0,1,7,32,0.206,0.261,0.411,0.672,85.0,44.0,2,1,0,0,0,marmojo01,0
195,181,19,52,14,1,2,17,1,0,7,21,0.287,0.323,0.409,0.732,97.0,74.0,2,4,0,3,0,marteke01,0
250,228,36,64,14,1,6,27,10,2,12,41,0.281,0.34,0.43,0.77,107.0,98.0,5,9,0,1,1,martest01,0
138,122,23,38,8,1,2,14,5,2,10,19,0.311,0.384,0.443,0.827,124.0,54.0,3,5,0,1,1,martest01,0
112,106,13,26,6,0,4,13,5,0,2,22,0.245,0.286,0.415,0.701,86.0,44.0,2,4,0,0,0,martest01,0
11,9,2,0,0,0,0,0,0,0,2,4,0.0,0.182,0.0,0.182,-44.0,0.0,0,0,0,0,0,martija03,0
237,211,22,45,16,0,7,27,1,0,22,59,0.213,0.291,0.389,0.68,79.0,82.0,6,2,0,2,3,martijd02,0
98,88,10,16,4,0,2,10,0,0,10,27,0.182,0.265,0.295,0.561,57.0,26.0,6,0,0,0,1,martijo08,0
76,67,10,16,4,0,2,10,0,0,9,20,0.239,0.329,0.388,0.717,102.0,26.0,5,0,0,0,1,martijo08,0
22,21,0,0,0,0,0,0,0,0,1,7,0.0,0.045,0.0,0.045,-86.0,0.0,1,0,0,0,0,martijo08,0
28,26,4,4,3,0,0,2,1,0,1,11,0.154,0.185,0.269,0.454,25.0,7.0,1,0,1,0,0,mateojo01,0
36,36,2,10,3,0,0,4,1,0,0,7,0.278,0.278,0.361,0.639,70.0,13.0,0,0,0,0,0,mathima01,0
68,62,6,10,1,1,3,9,1,0,5,24,0.161,0.221,0.355,0.575,56.0,22.0,0,0,0,1,0,mathije01,0
33,27,5,6,0,0,2,5,0,0,5,12,0.222,0.364,0.444,0.808,118.0,12.0,0,1,0,0,0,mathiwy01,0
101,93,8,23,8,1,1,7,3,0,7,25,0.247,0.307,0.387,0.694,88.0,36.0,4,1,0,0,0,maybica01,0
45,41,5,10,4,0,1,2,0,0,4,13,0.244,0.311,0.415,0.726,98.0,17.0,3,0,0,0,0,maybica01,0
56,52,3,13,4,1,0,5,3,0,3,12,0.25,0.304,0.365,0.669,80.0,19.0,1,1,0,0,0,maybica01,0
47,42,5,8,1,0,0,3,0,0,2,14,0.19,0.239,0.214,0.453,26.0,9.0,1,1,1,1,0,mayfija01,0
149,136,13,31,6,0,1,15,0,1,10,44,0.228,0.295,0.294,0.589,64.0,40.0,0,3,0,0,0,mazarno01,0
85,81,8,20,3,0,6,10,0,0,4,30,0.247,0.282,0.506,0.789,107.0,41.0,2,0,0,0,0,mcbrory01,0
111,97,20,28,3,0,7,15,1,1,8,30,0.289,0.36,0.536,0.896,143.0,52.0,2,4,0,2,0,mccanja02,0
10,10,0,0,0,0,0,0,0,0,0,5,0.0,0.0,0.0,0.0,-100.0,0.0,0,0,0,0,0,mccarjo04,0
241,217,32,55,9,0,10,34,4,0,22,48,0.253,0.324,0.433,0.757,102.0,94.0,4,1,0,1,0,mccutan01,0
45,41,2,3,0,0,1,1,0,0,0,11,0.073,0.073,0.146,0.22,-42.0,6.0,1,0,4,0,0,mcguire01,0
3,3,1,2,0,0,0,0,0,0,0,0,0.667,0.667,0.667,1.333,270.0,2.0,0,0,0,0,0,mckinbi01,0
7,7,1,2,1,0,0,0,0,0,0,3,0.286,0.286,0.429,0.714,90.0,3.0,1,0,0,0,0,mckinza01,0
193,172,23,37,6,1,9,26,0,1,18,66,0.215,0.295,0.419,0.714,80.0,72.0,4,2,0,1,0,mcmahry01,0
209,183,19,57,14,0,4,23,0,2,20,24,0.311,0.383,0.454,0.836,130.0,83.0,3,3,0,3,2,mcneije01,0
152,132,19,27,8,1,4,13,2,1,17,50,0.205,0.296,0.371,0.667,87.0,49.0,0,1,0,2,0,meadoau01,0
16,14,1,1,1,0,0,0,1,0,0,7,0.071,0.071,0.143,0.214,-44.0,2.0,0,0,1,0,0,mejiaer01,0
42,39,5,3,1,0,1,2,0,0,1,9,0.077,0.143,0.179,0.322,-11.0,7.0,1,2,0,0,0,mejiafr01,0
0,0,0,0,0,0,0,0,0,0,0,0,,,,,,0.0,0,0,0,0,0,melanma01,0
114,107,11,26,4,1,3,6,0,1,6,25,0.243,0.281,0.383,0.664,81.0,41.0,3,0,0,1,0,mendida01,0
93,86,6,11,1,0,1,6,3,0,5,27,0.128,0.174,0.174,0.348,-4.0,15.0,0,0,1,1,0,mercaos01,0
1,1,0,0,0,0,0,0,0,0,0,0,0.0,0.0,0.0,0.0,-100.0,0.0,0,0,0,0,0,merceye01,0
22,20,2,4,0,0,0,0,0,0,2,2,0.2,0.273,0.2,0.473,35.0,4.0,1,0,0,0,0,mercejo03,0
9,9,1,2,0,0,0,0,0,0,0,1,0.222,0.222,0.222,0.444,23.0,2.0,1,0,0,0,0,mercejo03,0
13,11,1,2,0,0,0,0,0,0,2,1,0.182,0.308,0.182,0.49,42.0,2.0,0,0,0,0,0,mercejo03,0
265,248,38,70,12,0,9,30,12,3,12,33,0.282,0.325,0.44,0.764,105.0,109.0,3,4,0,1,0,merriwh01,0
171,142,21,33,8,1,7,25,1,0,25,46,0.232,0.357,0.451,0.807,122.0,64.0,2,3,0,1,1,millebr02,0
0,0,0,0,0,0,0,0,0,0,0,0,,,,,,0.0,0,0,0,0,0,milleia01,0
1,1,0,0,0,0,0,0,0,0,0,1,0.0,0.0,0.0,0.0,-100.0,0.0,0,0,0,0,0,millsal02,0
156,145,12,38,2,0,4,16,0,0,6,21,0.262,0.303,0.359,0.662,83.0,52.0,7,3,1,1,0,molinya01,0
231,200,28,45,8,3,6,24,0,0,28,72,0.225,0.32,0.385,0.705,94.0,77.0,1,1,0,2,0,moncayo01,0
233,219,33,56,11,3,6,22,24,8,11,70,0.256,0.294,0.416,0.71,90.0,91.0,4,1,2,0,0,mondera02,0
18,14,3,3,0,0,0,0,0,0,4,6,0.214,0.389,0.214,0.603,70.0,3.0,0,0,0,0,0,moniami01,0
159,137,26,35,9,0,8,17,12,5,14,43,0.255,0.358,0.496,0.855,138.0,68.0,4,8,0,0,0,mooredy01,0
200,178,28,44,10,0,10,23,0,0,19,52,0.247,0.325,0.472,0.797,114.0,84.0,9,2,0,1,0,moranco01,0
152,136,22,36,9,0,10,29,0,0,15,32,0.265,0.342,0.551,0.894,138.0,75.0,0,1,0,0,2,morelmi01,0
79,67,14,22,4,0,8,21,0,0,11,18,0.328,0.43,0.746,1.177,205.0,50.0,0,1,0,0,1,morelmi01,0
73,69,8,14,5,0,2,8,0,0,4,14,0.203,0.247,0.362,0.609,67.0,25.0,0,0,0,0,1,morelmi01,0
28,25,3,3,1,0,1,2,0,0,3,8,0.12,0.214,0.28,0.494,31.0,7.0,0,0,0,0,0,morrilo01,0
140,126,12,42,5,0,5,23,0,1,11,30,0.333,0.386,0.492,0.878,137.0,62.0,2,1,0,2,0,mountry01,0
163,139,13,32,9,0,8,27,1,0,18,36,0.23,0.331,0.468,0.799,105.0,65.0,5,4,0,2,1,moustmi01,0
153,140,16,38,4,3,3,12,7,2,8,37,0.271,0.315,0.407,0.723,95.0,57.0,0,1,4,0,0,mullice01,0
248,203,36,39,4,0,12,27,1,0,39,60,0.192,0.331,0.389,0.72,95.0,79.0,3,4,0,2,2,muncyma01,0
45,45,6,15,5,0,1,4,2,0,0,11,0.333,0.333,0.511,0.844,121.0,23.0,1,0,0,0,0,munozya01,0
132,123,10,29,3,0,3,16,0,0,7,21,0.236,0.275,0.333,0.608,55.0,41.0,3,0,0,1,2,murphda08,0
63,58,6,10,2,0,0,2,0,0,4,28,0.172,0.226,0.207,0.433,20.0,12.0,1,0,1,0,0,murphjr01,0
140,116,21,27,5,0,7,14,0,0,24,37,0.233,0.364,0.457,0.821,129.0,53.0,6,0,0,0,0,murphse01,0
218,198,34,57,14,2,15,40,2,1,18,56,0.288,0.353,0.606,0.959,160.0,120.0,0,2,0,0,0,myerswi01,0
141,133,15,29,8,1,4,20,0,1,5,40,0.218,0.248,0.383,0.632,70.0,51.0,3,1,0,2,0,naquity01,0
126,108,8,19,4,0,2,10,0,0,16,39,0.176,0.294,0.269,0.562,53.0,29.0,1,2,0,0,0,narvaom01,0
5,5,0,2,0,0,0,0,0,0,0,1,0.4,0.4,0.4,0.8,118.0,2.0,0,0,0,0,0,navarbr01,0
104,97,13,24,3,1,1,6,1,0,5,12,0.247,0.291,0.33,0.621,71.0,32.0,2,1,0,0,0,naylojo01,0
38,36,4,10,0,1,1,4,1,0,1,4,0.278,0.316,0.417,0.732,102.0,15.0,2,1,0,0,0,naylojo01,0
66,61,9,14,3,0,0,2,0,0,4,8,0.23,0.277,0.279,0.556,54.0,17.0,0,0,0,0,0,naylojo01,0
0,0,0,0,0,0,0,0,0,0,0,0,,,,,,0.0,0,0,0,0,0,nerishe01,0
172,156,12,35,5,0,1,10,0,1,12,21,0.224,0.281,0.276,0.556,53.0,43.0,1,1,1,2,0,newmake01,0
26,24,4,7,1,0,2,6,0,0,2,6,0.292,0.346,0.583,0.929,150.0,14.0,2,0,0,0,0,nidoto01,0
225,186,33,52,8,3,8,18,1,2,33,43,0.28,0.404,0.484,0.888,145.0,90.0,1,6,0,0,0,nimmobr01,0
4,4,0,1,0,0,0,0,0,0,0,1,0.25,0.25,0.25,0.5,40.0,1.0,0,0,0,0,0,nogowjo01,0
0,0,0,0,0,0,0,0,0,0,0,0,,,,,,0.0,0,0,0,0,0,nolaaa01,0
184,161,24,44,9,1,7,28,0,0,18,34,0.273,0.353,0.472,0.825,129.0,76.0,3,3,0,2,1,nolaau01,0
110,98,15,30,5,1,5,19,0,0,9,17,0.306,0.373,0.531,0.903,151.0,52.0,1,2,0,1,1,nolaau01,0
74,63,9,14,4,0,2,9,0,0,9,17,0.222,0.324,0.381,0.705,96.0,24.0,2,1,0,1,0,nolaau01,0
17,17,2,6,1,0,0,0,0,0,0,4,0.353,0.353,0.412,0.765,107.0,7.0,1,0,0,0,0,nollja01,0
54,48,8,9,1,0,4,13,0,0,5,20,0.188,0.278,0.458,0.736,93.0,22.0,1,1,0,0,0,nottija01,0
2,2,0,1,0,0,0,0,1,0,0,0,0.5,0.5,0.5,1.0,178.0,1.0,0,0,0,0,0,nunezed02,0
216,195,29,50,10,0,12,31,0,0,17,64,0.256,0.324,0.492,0.816,118.0,96.0,4,3,0,1,0,nunezre01,0
5,5,2,2,1,0,0,0,1,0,0,1,0.4,0.4,0.6,1.0,178.0,3.0,0,0,0,0,0,ogradbr01,0
132,113,7,22,6,0,2,18,0,0,18,37,0.195,0.303,0.301,0.604,65.0,34.0,5,0,0,1,2,ohearry01,0
157,139,20,24,5,0,7,19,3,1,15,43,0.173,0.261,0.36,0.621,70.0,50.0,3,2,0,1,0,oneilty01,0
44,39,2,5,0,0,0,2,0,0,4,20,0.128,0.209,0.128,0.338,-1.0,5.0,1,0,1,0,0,odomjo01,0
148,138,15,23,4,0,10,30,0,1,7,47,0.167,0.209,0.413,0.623,66.0,57.0,2,1,0,2,0,odorro01,0
175,153,23,29,6,0,7,24,7,1,22,50,0.19,0.291,0.366,0.657,79.0,56.0,3,0,0,0,0,ohtansh01,0
16,16,0,3,0,0,0,0,1,0,0,6,0.188,0.188,0.188,0.375,3.0,3.0,0,0,0,0,0,olivaja01,0
101,96,9,23,2,1,3,10,0,2,4,25,0.24,0.267,0.375,0.642,73.0,36.0,1,0,0,1,0,olivaed02,0
36,34,4,6,1,0,1,3,0,1,2,14,0.176,0.222,0.294,0.516,43.0,10.0,0,0,0,0,0,olivaed02,0
65,62,5,17,1,1,2,7,0,1,2,11,0.274,0.292,0.419,0.712,90.0,26.0,1,0,0,1,0,olivaed02,0
245,210,28,41,4,1,14,42,1,0,34,77,0.195,0.31,0.424,0.734,103.0,89.0,2,1,0,0,2,olsonma02,0
15,12,3,3,1,0,1,2,0,0,2,7,0.25,0.4,0.583,0.983,170.0,7.0,0,1,0,0,0,onajo01,0
7,7,1,0,0,0,0,0,0,0,0,1,0.0,0.0,0.0,0.0,-100.0,0.0,0,0,0,0,0,orfna01,0
82,78,6,16,3,0,4,11,0,1,4,16,0.205,0.244,0.397,0.641,71.0,31.0,1,0,0,0,0,osunajo01,0
44,41,9,11,1,0,2,5,1,0,3,11,0.268,0.318,0.439,0.757,91.0,18.0,0,0,0,0,0,owingch01,0
267,228,38,77,14,0,18,56,0,0,38,60,0.338,0.431,0.636,1.067,177.0,145.0,3,0,0,1,3,ozunama01,0
4,4,0,1,0,0,0,0,0,0,0,2,0.25,0.25,0.25,0.5,33.0,1.0,0,0,0,0,0,pachecr01,0
0,0,0,0,0,0,0,0,0,0,0,0,,,,,,0.0,0,0,0,0,0,paganem01,0
141,120,18,27,6,0,1,7,0,0,20,27,0.225,0.34,0.3,0.64,79.0,36.0,4,1,0,0,0,panikjo01,0
108,100,7,22,4,0,1,6,0,0,8,24,0.22,0.278,0.29,0.568,57.0,29.0,1,0,0,0,0,paredis01,0
0,0,0,0,0,0,0,0,0,0,0,0,,,,,,0.0,0,0,0,0,0,parkebl01,0
20,18,0,3,1,0,0,0,1,0,2,5,0.167,0.25,0.222,0.472,25.0,4.0,1,0,0,0,0,paytoma01,0
138,121,21,23,4,0,7,16,1,0,11,34,0.19,0.285,0.397,0.681,83.0,48.0,5,5,0,0,0,pederjo01,0
56,52,4,5,0,1,2,6,0,0,3,15,0.096,0.161,0.25,0.411,11.0,13.0,3,1,0,0,0,pencehu01,0
218,203,19,61,10,1,5,34,1,0,13,45,0.3,0.339,0.433,0.773,108.0,88.0,4,0,0,2,0,peralda01,0
120,111,13,25,8,1,1,8,1,1,5,18,0.225,0.275,0.342,0.617,64.0,38.0,3,3,0,1,0,perazjo01,0
6,6,0,1,0,0,0,0,0,0,0,2,0.167,0.167,0.167,0.333,-9.0,1.0,0,0,0,0,0,perezhe01,0
93,84,7,14,3,0,1,13,0,0,7,27,0.167,0.237,0.238,0.475,35.0,20.0,3,1,0,1,0,perezmi03,0
110,97,6,16,2,0,1,5,0,0,11,38,0.165,0.264,0.216,0.48,34.0,21.0,2,2,0,0,0,perezro02,0
156,150,22,50,12,0,11,32,1,0,3,36,0.333,0.353,0.633,0.986,159.0,95.0,0,2,0,1,0,perezsa02,0
61,45,6,9,1,0,2,5,1,0,15,20,0.2,0.393,0.356,0.749,104.0,16.0,0,0,0,1,0,peterja01,0
125,109,13,23,2,0,3,12,6,0,15,27,0.211,0.312,0.312,0.624,75.0,34.0,2,1,0,0,0,phamth01,0
18,16,4,1,0,0,1,2,0,0,1,3,0.063,0.167,0.25,0.417,11.0,4.0,0,1,0,0,0,phegljo01,0
0,0,0,0,0,0,0,0,0,0,0,0,,,,,,0.0,0,0,0,0,0,phelpda01,0
0,0,0,0,0,0,0,0,0,0,0,0,,,,,,0.0,0,0,0,0,0,phelpda01,0
59,51,10,10,0,2,2,5,6,1,8,15,0.196,0.305,0.392,0.697,91.0,20.0,0,0,0,0,0,phillbr02,0
34,31,8,7,0,1,1,2,3,1,3,8,0.226,0.294,0.387,0.681,83.0,12.0,0,0,0,0,0,phillbr02,0
25,20,2,3,0,1,1,3,3,0,5,7,0.15,0.32,0.4,0.72,102.0,8.0,0,0,0,0,0,phillbr02,0
223,208,34,60,12,3,6,26,5,2,13,41,0.288,0.336,0.462,0.798,106.0,96.0,4,2,0,0,1,pillake01,0
126,117,20,32,7,2,4,13,1,1,8,23,0.274,0.325,0.47,0.795,109.0,55.0,4,1,0,0,0,pillake01,0
97,91,14,28,5,1,2,13,4,1,5,18,0.308,0.351,0.451,0.801,103.0,41.0,0,1,0,0,1,pillake01,0
45,39,4,9,1,0,2,5,0,0,3,11,0.231,0.333,0.41,0.744,98.0,16.0,0,3,0,0,0,pinama01,0
61,56,8,13,3,0,2,8,0,0,5,13,0.232,0.295,0.393,0.688,91.0,22.0,3,0,0,0,0,pindech01,0
171,159,17,36,6,0,5,29,4,0,9,53,0.226,0.271,0.358,0.629,75.0,57.0,4,1,1,1,0,piscost01,0
89,82,8,28,5,1,1,17,1,0,5,14,0.341,0.393,0.463,0.857,128.0,38.0,4,2,0,0,0,plaweke01,0
0,0,0,0,0,0,0,0,0,0,0,0,,,,,,0.0,0,0,0,0,0,plutkad01,0
174,157,12,24,6,0,7,22,3,1,13,65,0.153,0.214,0.325,0.539,44.0,51.0,1,0,0,3,0,polangr01,0
226,209,22,54,8,0,4,19,4,2,13,35,0.258,0.304,0.354,0.658,82.0,74.0,7,1,2,1,0,polanjo01,0
210,196,30,54,9,0,16,34,2,2,12,45,0.276,0.314,0.566,0.881,132.0,111.0,6,0,0,2,1,polloaj01,0
202,180,28,50,6,0,7,25,7,1,15,28,0.278,0.343,0.428,0.771,114.0,77.0,1,4,1,2,0,profaju01,0
11,8,1,3,0,0,0,0,0,0,2,2,0.375,0.5,0.375,0.875,140.0,3.0,0,0,1,0,0,puellce01,0
163,152,15,34,8,0,6,25,0,0,9,25,0.224,0.27,0.395,0.665,79.0,60.0,4,1,0,1,1,pujolal01,0
116,108,14,23,3,1,2,7,12,0,5,39,0.213,0.261,0.315,0.576,55.0,34.0,0,2,1,0,0,quinnro01,0
11,10,2,2,0,0,0,1,0,1,1,2,0.2,0.273,0.2,0.473,31.0,2.0,0,0,0,0,0,ramirha02,0
254,219,45,64,16,1,17,46,10,3,31,43,0.292,0.386,0.607,0.993,167.0,133.0,2,3,0,1,0,ramirjo01,0
155,142,13,34,6,0,5,15,0,0,10,31,0.239,0.297,0.387,0.684,87.0,55.0,5,2,0,1,0,ramoswi01,0
41,35,5,6,1,0,1,6,0,0,4,6,0.171,0.244,0.286,0.53,47.0,10.0,0,0,0,2,0,ravelra01,0
195,173,33,46,6,0,11,32,4,1,16,48,0.266,0.349,0.491,0.84,124.0,85.0,3,6,0,0,0,realmjt01,0
210,188,22,46,11,1,4,23,1,0,20,42,0.245,0.316,0.378,0.693,89.0,71.0,5,0,0,1,0,reddijo01,0
34,30,4,6,1,0,0,1,0,0,2,11,0.2,0.265,0.233,0.498,40.0,7.0,0,1,0,1,0,refsnro01,0
232,189,29,54,11,1,9,31,0,0,38,31,0.286,0.418,0.497,0.915,150.0,94.0,10,5,0,0,2,rendoan01,0
139,122,18,19,5,0,8,22,2,0,14,37,0.156,0.252,0.393,0.645,79.0,48.0,3,2,0,1,0,renfrhu01,0
106,90,12,14,1,0,1,3,3,1,14,26,0.156,0.269,0.2,0.469,32.0,18.0,2,0,2,0,0,rengilu01,0
241,211,27,58,10,0,9,34,0,0,24,69,0.275,0.344,0.45,0.795,116.0,95.0,6,1,0,5,0,reyesfr01,0
213,202,30,56,7,2,4,14,8,2,9,45,0.277,0.315,0.391,0.706,93.0,79.0,4,2,0,0,0,reyesvi01,0
208,185,24,35,6,2,7,19,1,1,21,57,0.189,0.275,0.357,0.632,71.0,66.0,2,1,0,0,0,reynobr01,0
11,11,1,0,0,0,0,0,0,0,0,7,0.0,0.0,0.0,0.0,-100.0,0.0,0,0,0,0,0,reynoma03,0
6,5,1,0,0,0,0,0,0,0,1,1,0.0,0.167,0.0,0.167,-48.0,0.0,0,0,0,0,0,rickajo01,0
69,67,8,10,2,0,1,1,1,0,2,13,0.149,0.174,0.224,0.398,8.0,15.0,0,0,0,0,0,riddljt01,0
206,188,24,45,7,1,8,27,0,0,16,49,0.239,0.301,0.415,0.716,86.0,78.0,5,1,0,1,1,rileyau01,0
83,76,13,19,6,0,8,17,0,0,4,18,0.25,0.301,0.645,0.946,147.0,49.0,2,2,0,1,0,riosed01,0
4,4,0,1,0,0,0,0,0,0,0,3,0.25,0.25,0.25,0.5,39.0,1.0,0,0,0,0,0,riverre01,0
5,5,0,0,0,0,0,0,1,0,0,1,0.0,0.0,0.0,0.0,-100.0,0.0,0,0,0,0,0,riverya01,0
243,203,26,45,6,0,11,24,3,1,28,38,0.222,0.342,0.414,0.755,103.0,84.0,6,10,0,2,4,rizzoan01,0
227,202,33,47,8,0,11,31,9,2,20,73,0.233,0.302,0.436,0.738,100.0,88.0,4,1,0,2,0,roberlu01,0
24,21,4,7,0,0,0,2,0,0,3,6,0.333,0.417,0.333,0.75,112.0,7.0,0,0,0,0,0,roberda10,0
189,168,20,37,5,1,3,15,4,1,9,53,0.22,0.293,0.315,0.608,66.0,53.0,0,9,1,2,0,roblevi01,0
21,21,1,2,1,0,0,2,0,0,0,6,0.095,0.095,0.143,0.238,-40.0,3.0,0,0,0,0,0,rodgebr02,0
13,13,0,2,0,0,0,0,0,0,0,6,0.154,0.154,0.154,0.308,-16.0,2.0,0,0,0,0,0,rodrise01,0
70,61,9,11,0,0,0,2,1,1,7,16,0.18,0.257,0.18,0.437,22.0,11.0,1,0,0,2,0,rojasjo01,0
143,125,20,38,10,1,4,20,5,1,16,18,0.304,0.392,0.496,0.888,138.0,62.0,1,2,0,0,2,rojasmi02,0
4,4,1,1,1,0,0,0,0,0,0,1,0.25,0.25,0.5,0.75,100.0,2.0,0,0,0,0,0,rominan01,0
135,130,12,31,5,0,2,17,0,0,4,47,0.238,0.259,0.323,0.582,59.0,42.0,3,0,0,1,0,rominau01,0
21,19,4,6,2,0,1,5,0,0,0,5,0.316,0.381,0.579,0.96,162.0,11.0,0,2,0,0,0,rookebr01,0
147,143,20,36,3,1,4,15,0,1,4,34,0.252,0.272,0.371,0.643,75.0,53.0,5,0,0,0,0,rosaram01,0
231,210,31,54,7,0,13,42,3,1,19,34,0.257,0.316,0.476,0.792,116.0,100.0,3,0,0,2,2,rosared01,0
0,0,0,0,0,0,0,0,0,0,0,0,,,,,,0.0,0,0,0,0,0,rosentr01,0
0,0,0,0,0,0,0,0,0,0,0,0,,,,,,0.0,0,0,0,0,0,rosentr01,0
0,0,0,0,0,0,0,0,0,0,0,0,,,,,,0.0,0,0,0,0,0,rosentr01,0
100,87,11,24,6,0,5,18,1,0,13,23,0.276,0.37,0.517,0.887,142.0,45.0,1,0,0,0,0,rufda01,0
0,0,0,0,0,0,0,0,0,0,0,0,,,,,,0.0,0,0,0,0,0,ruizjo01,0
8,8,1,2,0,0,1,1,0,0,0,3,0.25,0.25,0.625,0.875,126.0,5.0,0,0,0,0,0,ruizke01,0
204,185,25,41,11,0,9,32,1,2,17,46,0.222,0.286,0.427,0.713,90.0,79.0,4,0,1,1,1,ruizri01,0
10,9,0,1,0,0,0,0,0,0,1,3,0.111,0.2,0.111,0.311,-10.0,1.0,2,0,0,0,0,sanchal04,0
178,156,19,23,4,0,10,24,0,0,18,64,0.147,0.253,0.365,0.618,70.0,57.0,6,4,0,0,0,sanchga02,0
29,25,1,1,1,0,0,2,0,0,4,11,0.04,0.172,0.08,0.252,-28.0,2.0,1,0,0,0,0,sanchje02,0
21,16,7,5,3,0,1,1,0,0,5,5,0.313,0.476,0.688,1.164,216.0,11.0,1,0,0,0,0,sanchca01,0
94,84,5,18,1,0,1,6,0,0,8,19,0.214,0.287,0.262,0.549,54.0,22.0,3,1,0,1,0,sandopa01,0
90,82,5,18,1,0,1,6,0,0,6,18,0.22,0.278,0.268,0.546,52.0,22.0,3,1,0,1,0,sandopa01,0
4,2,0,0,0,0,0,0,0,0,2,1,0.0,0.5,0.0,0.5,50.0,0.0,0,0,0,0,0,sandopa01,0
205,186,31,38,12,0,13,25,0,0,18,90,0.204,0.278,0.478,0.757,105.0,89.0,3,1,0,0,1,sanomi01,0
255,206,34,41,7,0,8,30,0,0,47,43,0.199,0.349,0.35,0.699,93.0,72.0,5,1,0,1,1,santaca01,0
63,55,6,8,4,0,1,7,2,0,7,24,0.145,0.238,0.273,0.511,41.0,15.0,1,0,0,1,0,santada01,0
84,70,6,11,3,0,2,12,0,0,13,25,0.157,0.298,0.286,0.583,62.0,20.0,2,1,0,0,0,santado01,0
165,153,24,40,13,1,11,32,0,1,10,25,0.261,0.315,0.575,0.89,135.0,88.0,2,2,0,0,3,santaan02,0
1,1,0,0,0,0,0,0,0,0,0,0,0.0,0.0,0.0,0.0,-100.0,0.0,0,0,0,0,0,schebsc01,0
177,162,26,45,4,2,8,23,0,0,8,39,0.278,0.324,0.475,0.799,116.0,77.0,8,4,0,2,0,schoojo01,0
17,17,1,3,0,0,1,1,0,0,0,6,0.176,0.176,0.353,0.529,42.0,6.0,0,0,0,0,0,schroma01,0
224,191,30,36,6,0,11,24,1,0,30,66,0.188,0.308,0.393,0.701,88.0,75.0,3,3,0,0,1,schwaky01,0
232,212,38,65,12,1,15,41,1,0,17,37,0.307,0.358,0.585,0.943,150.0,124.0,8,1,0,2,0,seageco01,0
248,203,35,49,12,0,9,40,5,0,32,33,0.241,0.355,0.433,0.788,121.0,88.0,4,7,0,6,3,seageky01,0
217,192,28,51,5,2,7,25,2,2,23,45,0.266,0.347,0.422,0.769,107.0,81.0,6,1,1,0,2,segurje01,0
236,211,28,47,9,1,7,23,4,0,25,50,0.223,0.305,0.374,0.679,89.0,79.0,3,0,0,0,0,semiema01,0
78,70,8,13,6,0,2,8,2,1,6,15,0.186,0.247,0.357,0.604,55.0,25.0,2,0,0,1,0,senzeni01,0
178,160,17,40,5,1,5,21,1,0,16,40,0.25,0.322,0.388,0.71,92.0,62.0,3,1,1,0,0,severpe01,0
180,163,17,39,10,0,6,17,0,0,16,50,0.239,0.306,0.411,0.717,95.0,67.0,4,0,0,1,0,shawtr01,0
53,44,8,11,3,1,0,7,4,1,5,9,0.25,0.333,0.364,0.697,89.0,16.0,0,1,2,1,0,sierrma01,0
127,118,19,35,7,0,0,10,2,0,8,16,0.297,0.346,0.356,0.702,94.0,42.0,5,1,0,0,0,simmoan01,0
121,98,11,21,4,0,4,10,0,0,17,41,0.214,0.364,0.378,0.741,103.0,37.0,1,6,0,0,0,siscoch01,0
104,85,18,24,2,1,5,7,8,1,16,22,0.282,0.408,0.506,0.914,151.0,43.0,2,2,1,0,0,slateau01,0
199,177,27,56,21,1,10,42,0,0,14,45,0.316,0.377,0.616,0.993,168.0,109.0,2,5,0,3,0,smithdo02,0
72,63,9,14,3,0,2,6,1,0,7,19,0.222,0.306,0.365,0.671,82.0,23.0,1,1,0,1,1,smithdw02,0
38,31,3,8,3,0,1,8,0,0,5,11,0.258,0.378,0.452,0.83,134.0,14.0,1,1,0,0,0,smithke04,0
47,45,2,6,2,0,0,3,2,0,2,13,0.133,0.17,0.178,0.348,-2.0,8.0,1,0,0,0,0,smithma05,0
44,37,7,10,0,1,1,4,1,0,5,8,0.27,0.341,0.405,0.746,102.0,15.0,0,0,0,2,0,smithpa04,0
137,114,23,33,9,0,8,25,0,0,20,22,0.289,0.401,0.579,0.98,162.0,66.0,2,2,0,1,1,smithwi05,0
132,119,14,21,7,0,5,15,0,0,10,42,0.176,0.25,0.361,0.611,62.0,43.0,4,2,0,1,0,smoakju01,0
126,113,14,21,7,0,5,15,0,0,10,40,0.186,0.262,0.381,0.642,69.0,43.0,3,2,0,1,0,smoakju01,0
6,6,0,0,0,0,0,0,0,0,0,2,0.0,0.0,0.0,0.0,-100.0,0.0,1,0,0,0,0,smoakju01,0
128,115,10,24,5,0,1,10,0,0,11,20,0.209,0.281,0.278,0.56,51.0,32.0,1,1,0,1,0,sogarer01,0
233,209,27,56,10,0,2,23,7,1,18,42,0.268,0.326,0.344,0.671,86.0,72.0,6,2,0,4,0,solakni01,0
203,190,22,62,15,1,3,29,0,0,10,39,0.326,0.365,0.463,0.828,127.0,88.0,2,2,0,1,0,solando01,0
174,149,17,34,8,0,8,24,0,0,19,60,0.228,0.326,0.443,0.769,106.0,66.0,3,3,0,1,0,solerjo01,0
7,6,2,2,1,0,0,0,0,0,1,1,0.333,0.429,0.5,0.929,154.0,3.0,0,0,0,0,0,sotoel01,0
196,154,39,54,14,0,13,37,6,2,41,28,0.351,0.49,0.695,1.185,217.0,107.0,1,1,0,0,12,sotoju01,0
31,27,3,4,2,0,1,5,1,0,4,15,0.148,0.258,0.333,0.591,58.0,9.0,0,0,0,0,0,souzast01,0
222,189,37,50,6,2,14,32,1,2,24,38,0.265,0.359,0.54,0.899,141.0,102.0,3,5,0,2,0,springe01,0
143,125,13,31,7,0,3,18,0,0,15,40,0.248,0.326,0.376,0.702,91.0,47.0,2,0,2,1,0,stallja01,0
94,76,12,19,7,0,4,11,1,1,15,27,0.25,0.387,0.5,0.887,145.0,38.0,4,2,0,0,1,stantmi03,0
64,59,5,10,1,0,1,5,0,0,4,27,0.169,0.219,0.237,0.456,24.0,14.0,0,0,0,1,0,starlbu01,0
105,90,12,25,2,0,7,20,0,0,11,21,0.278,0.352,0.533,0.886,138.0,48.0,5,1,0,3,0,stassma01,0
20,17,4,5,0,0,2,6,0,0,2,9,0.294,0.4,0.647,1.047,167.0,11.0,0,1,0,0,0,stephty01,0
47,41,11,15,7,1,2,12,2,0,5,11,0.366,0.447,0.732,1.179,212.0,30.0,0,1,0,0,0,stevean01,0
99,90,6,15,3,0,3,9,0,0,5,30,0.167,0.224,0.3,0.524,43.0,27.0,2,2,0,1,0,stewach02,0
112,88,13,17,2,0,7,15,0,0,20,38,0.193,0.355,0.455,0.809,118.0,40.0,0,2,2,0,0,stewadj01,0
259,235,41,68,13,4,11,28,15,3,24,63,0.289,0.355,0.519,0.874,120.0,122.0,5,0,0,0,1,storytr01,0
0,0,0,0,0,0,0,0,0,0,0,0,,,,,,0.0,0,0,0,0,0,strahma01,0
82,75,12,15,1,0,0,3,3,2,5,13,0.2,0.268,0.213,0.482,39.0,16.0,1,2,0,0,0,gordode01,0
86,82,8,17,4,0,0,8,6,2,4,22,0.207,0.244,0.256,0.5,37.0,21.0,0,0,0,0,0,strawmy01,0
10,8,1,1,0,0,0,1,0,1,0,0,0.125,0.111,0.125,0.236,-35.0,1.0,0,0,1,1,0,stubbga01,0
231,198,29,40,8,0,15,38,2,0,30,67,0.202,0.312,0.47,0.781,100.0,93.0,5,2,0,1,1,suareeu01,0
4,2,0,0,0,0,0,0,0,0,2,0,0.0,0.5,0.0,0.5,55.0,0.0,0,0,0,0,0,susacan01,0
129,111,15,30,8,0,2,17,1,0,11,19,0.27,0.349,0.396,0.745,102.0,44.0,4,4,0,3,0,suzukku01,0
264,237,49,65,15,0,10,35,5,0,22,71,0.274,0.345,0.464,0.809,111.0,110.0,0,4,0,1,0,swansda01,0
206,184,26,59,8,2,1,17,8,2,14,38,0.321,0.369,0.402,0.772,98.0,74.0,3,2,1,3,0,tapiara01,0
257,224,50,62,11,2,17,45,11,3,27,61,0.277,0.366,0.571,0.937,156.0,128.0,6,5,0,1,1,tatisfe02,0
111,95,18,23,6,0,0,14,6,0,14,26,0.242,0.342,0.305,0.648,84.0,29.0,3,1,0,1,3,tauchmi01,0
134,119,20,27,6,1,4,6,8,0,14,43,0.227,0.308,0.395,0.703,93.0,47.0,0,0,1,0,0,taverle01,0
24,21,1,1,0,0,0,2,0,0,2,9,0.048,0.13,0.048,0.178,-48.0,1.0,0,0,1,0,0,taylobe11,0
214,185,30,50,10,2,8,32,3,2,26,55,0.27,0.366,0.476,0.842,127.0,88.0,3,2,1,0,0,tayloch03,0
99,92,11,18,6,0,5,16,0,0,6,27,0.196,0.253,0.424,0.676,79.0,39.0,2,1,0,0,0,taylomi02,0
41,38,6,9,4,0,2,6,0,0,2,8,0.237,0.293,0.5,0.793,107.0,19.0,1,1,0,0,0,tayloty01,0
77,75,7,19,4,1,3,8,4,1,2,30,0.253,0.273,0.453,0.726,96.0,34.0,2,0,0,0,0,tejedan01,0
127,113,20,32,5,0,8,23,0,1,11,20,0.283,0.346,0.54,0.886,139.0,61.0,1,1,0,2,1,tellero01,0
25,21,3,3,0,0,1,1,0,0,4,8,0.143,0.28,0.286,0.566,56.0,6.0,1,0,0,0,0,thaisma01,0
140,123,10,25,5,0,3,12,1,0,14,42,0.203,0.3,0.317,0.617,68.0,39.0,2,3,0,0,1,thameer01,0
40,36,5,4,2,0,1,2,0,0,4,13,0.111,0.2,0.25,0.45,24.0,9.0,1,0,0,0,0,thomala02,0
97,87,13,13,2,0,3,9,1,1,3,23,0.149,0.237,0.276,0.513,40.0,24.0,1,7,0,0,0,toroab01,0
78,70,5,18,5,0,1,6,0,0,7,15,0.257,0.325,0.371,0.696,96.0,26.0,1,0,1,0,0,torrelu01,0
13,11,0,3,1,0,0,0,0,0,1,2,0.273,0.333,0.364,0.697,95.0,4.0,0,0,1,0,0,torrelu01,0
65,59,5,15,4,0,1,6,0,0,6,13,0.254,0.323,0.373,0.696,96.0,22.0,1,0,0,0,0,torrelu01,0
160,136,17,33,8,0,3,16,1,0,22,28,0.243,0.356,0.368,0.724,103.0,50.0,5,2,0,0,0,torregl01,0
7,7,1,1,1,0,0,0,0,0,0,0,0.143,0.143,0.286,0.429,12.0,2.0,1,0,0,0,0,torrero01,0
83,76,10,19,8,0,2,9,0,0,3,15,0.25,0.28,0.434,0.715,94.0,33.0,1,1,1,2,0,trevijo01,0
64,61,11,13,1,0,4,10,0,0,1,20,0.213,0.219,0.426,0.645,72.0,26.0,3,0,0,2,0,trompch01,0
241,199,41,56,9,2,17,46,1,1,35,56,0.281,0.39,0.603,0.993,167.0,120.0,1,3,0,4,4,troutmi01,0
185,157,27,31,5,1,8,24,0,0,26,50,0.197,0.314,0.395,0.708,99.0,62.0,5,1,0,1,1,tsutsyo01,0
116,109,17,24,3,0,1,8,1,0,5,31,0.22,0.252,0.275,0.527,44.0,30.0,3,0,1,1,0,tuckeco01,0
228,209,33,56,12,6,9,42,8,1,18,46,0.268,0.325,0.512,0.837,124.0,107.0,2,0,0,1,2,tuckeky01,0
175,150,26,46,9,1,4,23,1,0,18,26,0.307,0.4,0.46,0.86,133.0,69.0,2,6,0,1,0,turneju01,0
259,233,46,78,15,4,12,41,12,4,22,36,0.335,0.394,0.588,0.982,162.0,137.0,5,2,0,2,0,turnetr01,0
166,147,20,30,5,0,9,22,0,2,11,43,0.204,0.289,0.422,0.711,92.0,62.0,6,7,0,1,0,uptonju01,0
120,109,11,26,4,1,0,11,2,2,10,32,0.239,0.308,0.294,0.602,63.0,32.0,4,1,0,0,0,uriaslu01,0
27,25,3,9,2,0,1,3,0,0,2,6,0.36,0.407,0.56,0.967,160.0,14.0,1,0,0,0,0,uriasra01,0
174,151,24,45,11,0,6,30,1,0,18,25,0.298,0.368,0.49,0.858,137.0,74.0,6,1,0,4,0,urshegi01,0
150,141,24,39,4,0,8,16,0,2,8,34,0.277,0.315,0.475,0.791,111.0,67.0,3,0,1,0,0,valaipa01,0
0,0,0,0,0,0,0,0,0,0,0,0,,,,,,0.0,0,0,0,0,0,valdece01,0
79,70,9,9,3,0,2,6,1,0,7,24,0.129,0.228,0.257,0.485,29.0,18.0,0,2,0,0,0,vanmejo01,0
38,34,3,2,1,0,1,1,1,0,3,16,0.059,0.158,0.176,0.334,-13.0,6.0,0,1,0,0,0,vanmejo01,0
41,36,6,7,2,0,1,5,0,0,4,8,0.194,0.293,0.333,0.626,70.0,12.0,0,1,0,0,0,vanmejo01,0
54,51,6,10,1,1,1,3,0,0,2,10,0.196,0.222,0.314,0.536,45.0,16.0,2,0,0,1,0,vargail01,0
30,29,3,5,0,0,1,1,0,0,1,8,0.172,0.2,0.276,0.476,27.0,8.0,1,0,0,0,0,vargail01,0
21,20,2,3,0,0,0,0,0,0,1,5,0.15,0.19,0.15,0.34,-5.0,3.0,1,0,0,0,0,vargail01,0
24,22,3,5,1,1,0,2,0,0,1,2,0.227,0.25,0.364,0.614,68.0,8.0,1,0,0,1,0,vargail01,0
9,9,1,2,0,0,1,1,0,0,0,3,0.222,0.222,0.556,0.778,100.0,5.0,0,0,0,0,0,vargail01,0
115,101,16,19,5,2,3,9,3,1,12,33,0.188,0.287,0.366,0.653,76.0,37.0,1,2,0,0,0,varshda01,0
189,173,22,49,9,0,7,23,4,3,16,43,0.283,0.344,0.457,0.801,111.0,79.0,6,0,0,0,0,vazquch01,0
77,63,11,10,1,1,0,3,4,2,10,23,0.159,0.274,0.206,0.48,34.0,13.0,2,0,4,0,0,velazan01,0
221,201,36,62,16,0,6,15,4,0,17,45,0.308,0.367,0.478,0.844,123.0,96.0,4,2,0,1,1,verdual01,0
207,185,13,43,5,0,2,15,16,5,19,54,0.232,0.301,0.292,0.593,63.0,54.0,2,0,1,2,1,villajo01,0
128,116,10,30,4,0,2,9,9,5,10,32,0.259,0.315,0.345,0.66,79.0,40.0,2,0,1,1,1,villajo01,0
79,69,3,13,1,0,0,6,7,0,9,22,0.188,0.278,0.203,0.481,36.0,14.0,0,0,0,1,0,villajo01,0
24,21,1,4,1,0,0,0,0,0,2,9,0.19,0.292,0.238,0.53,47.0,5.0,0,1,0,0,0,vilorme01,0
136,115,16,24,3,0,6,16,0,0,20,33,0.209,0.331,0.391,0.722,98.0,45.0,3,1,0,0,1,vogelda01,0
69,57,3,5,1,0,2,4,0,0,12,15,0.088,0.246,0.211,0.457,31.0,12.0,1,0,0,0,1,vogelda01,0
64,53,3,5,1,0,2,4,0,0,11,13,0.094,0.25,0.226,0.476,36.0,12.0,1,0,0,0,1,vogelda01,0
5,4,0,0,0,0,0,0,0,0,1,2,0.0,0.2,0.0,0.2,-37.0,0.0,0,0,0,0,0,vogelda01,0
67,58,13,19,2,0,4,12,0,0,8,18,0.328,0.418,0.569,0.987,161.0,33.0,2,1,0,0,0,vogelda01,0
81,72,6,12,5,0,1,7,0,0,8,18,0.167,0.247,0.278,0.525,43.0,20.0,1,0,0,1,0,vogtst01,0
234,213,41,59,5,0,22,52,0,0,17,54,0.277,0.338,0.61,0.948,157.0,130.0,4,3,0,1,0,voitlu01,0
223,186,32,42,8,0,11,22,0,0,37,43,0.226,0.354,0.446,0.8,107.0,83.0,5,0,0,0,1,vottojo01,0
44,39,3,9,3,0,0,1,1,1,4,9,0.231,0.318,0.308,0.626,76.0,12.0,0,1,0,0,0,wadela01,0
105,88,19,15,3,0,3,10,4,1,12,22,0.17,0.288,0.307,0.595,67.0,27.0,1,3,1,1,0,wadety01,0
0,0,0,0,0,0,0,0,0,0,0,0,,,,,,0.0,0,0,0,0,0,waldema01,0
243,218,35,59,18,1,7,34,1,1,19,50,0.271,0.333,0.459,0.792,112.0,100.0,6,3,0,3,0,walkech02,0
41,39,5,9,3,0,0,3,0,0,1,13,0.231,0.244,0.308,0.552,48.0,12.0,0,0,0,1,0,walkene01,0
48,44,4,10,3,0,1,6,0,0,3,12,0.227,0.277,0.364,0.64,71.0,16.0,1,0,1,0,0,wallach01,0
108,99,19,29,4,2,9,26,0,0,5,15,0.293,0.324,0.646,0.971,157.0,64.0,0,1,0,3,0,walshja01,0
14,13,0,2,1,0,0,3,0,1,1,5,0.154,0.214,0.231,0.445,26.0,3.0,1,0,0,0,0,waltodo01,0
102,94,16,26,6,2,0,5,2,0,8,28,0.277,0.333,0.383,0.716,96.0,36.0,1,0,0,0,0,wardta01,0
184,168,24,48,9,2,4,17,8,2,10,35,0.286,0.342,0.435,0.777,118.0,73.0,1,5,0,1,1,wendljo01,0
52,48,5,9,2,0,0,3,1,1,3,16,0.188,0.231,0.229,0.46,28.0,11.0,0,0,0,1,0,whiteel04,0
202,182,19,32,7,0,8,26,1,2,18,84,0.176,0.252,0.346,0.599,66.0,63.0,3,1,0,1,0,whiteev01,0
1,1,1,0,0,0,0,0,0,0,0,0,0.0,0.0,0.0,0.0,-100.0,0.0,0,0,0,0,0,whiteaa01,0
0,0,0,0,0,0,0,0,0,0,0,0,,,,,,0.0,0,0,0,0,0,wickro01,0
41,35,3,7,1,0,0,4,0,0,3,10,0.2,0.3,0.229,0.529,50.0,8.0,1,2,1,0,0,wietema01,0
6,5,0,1,0,0,0,0,0,0,1,2,0.2,0.333,0.2,0.533,54.0,1.0,0,0,0,0,0,williju02,0
18,18,0,2,0,1,0,0,0,1,0,9,0.111,0.111,0.222,0.333,-13.0,4.0,0,0,0,0,0,willima10,0
0,0,0,0,0,0,0,0,0,0,0,0,,,,,,0.0,0,0,0,0,0,willita01,0
0,0,0,0,0,0,0,0,0,0,0,0,,,,,,0.0,0,0,0,0,0,willita01,0
183,149,27,38,7,0,12,23,1,0,28,46,0.255,0.388,0.544,0.932,139.0,81.0,3,5,0,1,0,winkeje01,0
0,0,0,0,0,0,0,0,0,0,0,0,,,,,,0.0,0,0,0,0,0,winklda01,0
2,2,0,0,0,0,0,0,0,0,0,0,0.0,0.0,0.0,0.0,-100.0,0.0,0,0,0,0,0,wisdopa01,0
109,100,10,23,4,0,0,8,0,0,6,30,0.23,0.28,0.27,0.55,42.0,27.0,1,1,2,0,0,wolteto01,0
208,181,26,48,4,2,1,16,5,2,20,30,0.265,0.35,0.326,0.675,90.0,59.0,1,4,2,1,1,wongko01,0
0,0,0,0,0,0,0,0,0,0,0,0,,,,,,0.0,0,0,0,0,0,woodfja01,0
225,192,39,57,14,4,10,35,2,1,30,55,0.297,0.4,0.568,0.968,164.0,109.0,2,3,0,0,2,yastrmi01,0
247,200,39,41,7,1,12,22,4,2,46,76,0.205,0.356,0.43,0.786,110.0,86.0,4,1,0,0,2,yelicch01,0
34,26,3,5,2,0,1,4,0,0,5,10,0.192,0.382,0.385,0.767,110.0,10.0,0,3,0,0,0,youngan02,0
50,37,3,6,0,0,1,3,2,1,7,14,0.162,0.36,0.243,0.603,71.0,9.0,2,5,0,1,0,zimmebr01,0
84,75,8,11,4,0,4,10,0,0,6,37,0.147,0.238,0.36,0.598,66.0,27.0,0,3,0,0,0,zuninmi01,0
